run_id,day,net_worth,cash,daily_return,drawdown,operating_income,blessing_income,auto_trades,market_regime
seed-0000__cash_control,0,400,400,,0,0,0,0,常态交易
seed-0000__cash_control,1,400,400,0,0,0,0,0,谨慎观望
seed-0000__cash_control,2,400,400,0,0,0,0,0,谨慎观望
seed-0000__cash_control,3,400,400,0,0,0,0,0,资金退潮
seed-0000__cash_control,4,400,400,0,0,0,0,0,谨慎观望
seed-0000__cash_control,5,400,400,0,0,0,0,0,商路繁荣
seed-0000__cash_control,6,400,400,0,0,0,0,0,资金退潮
seed-0000__cash_control,7,400,400,0,0,0,0,0,资金退潮
seed-0000__cash_control,8,400,400,0,0,0,0,0,谨慎观望
seed-0000__cash_control,9,400,400,0,0,0,0,0,商路繁荣
seed-0000__cash_control,10,400,400,0,0,0,0,0,资金退潮
seed-0000__cash_control,11,400,400,0,0,0,0,0,谨慎观望
seed-0000__cash_control,12,400,400,0,0,0,0,0,谨慎观望
seed-0000__moon_hold,0,400,0,,0,0,0,0,常态交易
seed-0000__moon_hold,1,437.44395343,14.7927907,0.09360988,0,14.7927907,0,0,谨慎观望
seed-0000__moon_hold,2,470.77046505,30.21232558,0.07618464,0,15.41953488,0,0,谨慎观望
seed-0000__moon_hold,3,489.41534877,45.74093023,0.03960504,0,15.52860465,0,0,资金退潮
seed-0000__moon_hold,4,509.80604644,61.43395348,0.04166338,0,15.69302325,0,0,谨慎观望
seed-0000__moon_hold,5,534.45302318,77.42976743,0.04834579,0,15.99581395,0,0,商路繁荣
seed-0000__moon_hold,6,548.90837201,93.37348836,0.027047,0,15.94372093,0,0,资金退潮
seed-0000__moon_hold,7,558.64209294,109.10720929,0.01773287,0,15.73372093,0,0,资金退潮
seed-0000__moon_hold,8,575.67558132,124.88488371,0.03049088,0,15.77767442,0,0,谨慎观望
seed-0000__moon_hold,9,595.06372085,140.78465115,0.03367893,0,15.89976744,0,0,商路繁荣
seed-0000__moon_hold,10,603.50186038,156.43209301,0.01418023,0,15.64744186,0,0,资金退潮
seed-0000__moon_hold,11,618.86046504,172.06976743,0.02544914,0,15.63767442,0,0,谨慎观望
seed-0000__moon_hold,12,637.43465108,637.43465108,0.03001353,0,15.73697674,0,0,谨慎观望
seed-0000__sky_hold,0,400,0,,0,0,0,0,常态交易
seed-0000__sky_hold,1,394.7812,4.6812,-0.013047,0.013047,4.6812,0,0,谨慎观望
seed-0000__sky_hold,2,388.5834,9.2334,-0.01569933,0.0285415,4.5522,0,0,谨慎观望
seed-0000__sky_hold,3,384.8372,13.6872,-0.00964066,0.037907,4.4538,0,0,资金退潮
seed-0000__sky_hold,4,413.4662,36.3162,0.0743925,0,22.629,0,0,谨慎观望
seed-0000__sky_hold,5,456.3412,60.0912,0.10369651,0,23.775,0,0,商路繁荣
seed-0000__sky_hold,6,489.0202,84.3702,0.07161089,0,24.279,0,0,资金退潮
seed-0000__sky_hold,7,489.7774,89.1774,0.0015484,0,4.8072,0,0,资金退潮
seed-0000__sky_hold,8,486.9946,93.8946,-0.00568176,0.00568176,4.7172,0,0,谨慎观望
seed-0000__sky_hold,9,521.8696,118.1196,0.0716127,0,24.225,0,0,商路繁荣
seed-0000__sky_hold,10,520.5414,122.8914,-0.00254508,0.00254508,4.7718,0,0,资金退潮
seed-0000__sky_hold,11,556.9084,147.4584,0.0698638,0,24.567,0,0,谨慎观望
seed-0000__sky_hold,12,585.5564,585.5564,0.05144113,0,24.798,0,0,谨慎观望
seed-0000__crystal_hold,0,399.9999998,0,,0,0,0,0,常态交易
seed-0000__crystal_hold,1,449.90483848,31.38870966,0.1247621,0,31.38870966,0,0,谨慎观望
seed-0000__crystal_hold,2,463.53870944,61.53870964,0.0303039,0,30.14999998,0,0,谨慎观望
seed-0000__crystal_hold,3,477.45967717,90.55645156,0.03003194,0,29.01774192,0,0,资金退潮
seed-0000__crystal_hold,4,481.09467717,94.90112898,0.00761321,0,4.34467742,0,0,谨慎观望
seed-0000__crystal_hold,5,521.50274167,124.66403219,0.08399192,0,29.76290321,0,0,商路繁荣
seed-0000__crystal_hold,6,503.68822555,151.10758056,-0.03415997,0.03415997,26.44354837,0,0,资金退潮
seed-0000__crystal_hold,7,503.414032,155.0269354,-0.00054437,0.03468574,3.91935484,0,0,资金退潮
seed-0000__crystal_hold,8,546.81241907,182.36080635,0.08620814,0,27.33387095,0,0,谨慎观望
seed-0000__crystal_hold,9,550.84725778,186.46016119,0.00737884,0,4.09935484,0,0,商路繁荣
seed-0000__crystal_hold,10,564.37467713,212.82629021,0.02455748,0,26.36612902,0,0,资金退潮
seed-0000__crystal_hold,11,566.43758036,216.76016118,0.0036552,0,3.93387097,0,0,谨慎观望
seed-0000__crystal_hold,12,613.88596743,613.88596743,0.08376631,0,27.7064516,0,0,谨慎观望
seed-0001__cash_control,0,400,400,,0,0,0,0,常态交易
seed-0001__cash_control,1,400,400,0,0,0,0,0,投机升温
seed-0001__cash_control,2,400,400,0,0,0,0,0,投机升温
seed-0001__cash_control,3,400,400,0,0,0,0,0,投机升温
seed-0001__cash_control,4,400,400,0,0,0,0,0,资金退潮
seed-0001__cash_control,5,400,400,0,0,0,0,0,商路繁荣
seed-0001__cash_control,6,400,400,0,0,0,0,0,资金退潮
seed-0001__cash_control,7,400,400,0,0,0,0,0,商路繁荣
seed-0001__cash_control,8,400,400,0,0,0,0,0,投机升温
seed-0001__cash_control,9,400,400,0,0,0,0,0,投机升温
seed-0001__cash_control,10,400,400,0,0,0,0,0,商路繁荣
seed-0001__cash_control,11,400,400,0,0,0,0,0,谨慎观望
seed-0001__cash_control,12,400,400,0,0,0,0,0,资金退潮
seed-0001__moon_hold,0,400,0,,0,0,0,0,常态交易
seed-0001__moon_hold,1,438.83999994,14.84,0.0971,0,14.84,0,0,投机升温
seed-0001__moon_hold,2,476.93139528,30.46627907,0.08680019,0,15.62627907,0,0,投机升温
seed-0001__moon_hold,3,495.30162784,46.18534884,0.03851756,0,15.71906977,0,0,投机升温
seed-0001__moon_hold,4,511.50209295,61.92069767,0.03270828,0,15.73534883,0,0,资金退潮
seed-0001__moon_hold,5,538.35767435,78.03209302,0.05250337,0,16.11139535,0,0,商路繁荣
seed-0001__moon_hold,6,545.32255807,93.83418604,0.01293728,0,15.80209302,0,0,资金退潮
seed-0001__moon_hold,7,564.20558132,109.74046511,0.03462725,0,15.90627907,0,0,商路繁荣
seed-0001__moon_hold,8,583.67418597,125.76720929,0.03450622,0,16.02674418,0,0,投机升温
seed-0001__moon_hold,9,604.03348829,141.9404651,0.03488128,0,16.17325581,0,0,投机升温
seed-0001__moon_hold,10,606.29441852,157.6432558,0.00374305,0,15.7027907,0,0,商路繁荣
seed-0001__moon_hold,11,622.47860457,173.36232557,0.02669361,0,15.71906977,0,0,谨慎观望
seed-0001__moon_hold,12,614.46488365,614.46488365,-0.01287389,0.01287389,14.91651163,0,0,资金退潮
seed-0001__sky_hold,0,400,0,,0,0,0,0,常态交易
seed-0001__sky_hold,1,430.784,24.384,0.07696,0,24.384,0,0,投机升温
seed-0001__sky_hold,2,472.446,49.746,0.09671204,0,25.362,0,0,投机升温
seed-0001__sky_hold,3,517.047,76.197,0.09440444,0,26.451,0,0,投机升温
seed-0001__sky_hold,4,514.2918,81.3918,-0.00532872,0.00532872,5.1948,0,0,资金退潮
seed-0001__sky_hold,5,512.605,86.505,-0.00327985,0.0085911,5.1132,0,0,商路繁荣
seed-0001__sky_hold,6,506.5862,91.4862,-0.01174159,0.02023182,4.9812,0,0,资金退潮
seed-0001__sky_hold,7,494.8694,96.2694,-0.02312894,0.04289281,4.7832,0,0,商路繁荣
seed-0001__sky_hold,8,493.9854,100.9854,-0.00178633,0.04460252,4.716,0,0,投机升温
seed-0001__sky_hold,9,522.6534,124.8534,0.0580341,0,23.868,0,0,投机升温
seed-0001__sky_hold,10,559.0824,149.4324,0.06970011,0,24.579,0,0,商路繁荣
seed-0001__sky_hold,11,566.0222,154.3722,0.01241284,0,4.9398,0,0,谨慎观望
seed-0001__sky_hold,12,561.2974,561.2974,-0.00834738,0.00834738,4.8252,0,0,资金退潮
seed-0001__crystal_hold,0,399.9999998,0,,0,0,0,0,常态交易
seed-0001__crystal_hold,1,441.37419333,30.79354837,0.10343548,0,30.79354837,0,0,投机升温
seed-0001__crystal_hold,2,483.88870944,62.40483868,0.09632307,0,31.61129031,0,0,投机升温
seed-0001__crystal_hold,3,540.32903199,95.74838705,0.11663906,0,33.34354837,0,0,投机升温
seed-0001__crystal_hold,4,541.69999973,126.86129026,0.00253728,0,31.11290321,0,0,资金退潮
seed-0001__crystal_hold,5,541.21282231,131.47088703,-0.00089935,0.00089935,4.60959677,0,0,商路繁荣
seed-0001__crystal_hold,6,551.83056424,160.79830637,0.01961842,0,29.32741934,0,0,资金退潮
seed-0001__crystal_hold,7,555.57725779,165.19016121,0.00678957,0,4.39185484,0,0,商路繁荣
seed-0001__crystal_hold,8,635.41596743,197.99661281,0.14370406,0,32.8064516,0,0,投机升温
seed-0001__crystal_hold,9,636.35717711,202.87330636,0.00148125,0,4.87669355,0,0,投机升温
seed-0001__crystal_hold,10,632.09999969,207.648387,-0.00668992,0.00668992,4.77508064,0,0,商路繁荣
seed-0001__crystal_hold,11,635.83120937,212.41185474,0.00590288,0.00082653,4.76346774,0,0,谨慎观望
seed-0001__crystal_hold,12,635.1989513,635.1989513,-0.00099438,0.00182009,29.49677418,0,0,资金退潮
seed-0002__cash_control,0,400,400,,0,0,0,0,常态交易
seed-0002__cash_control,1,400,400,0,0,0,0,0,投机升温
seed-0002__cash_control,2,400,400,0,0,0,0,0,商路繁荣
seed-0002__cash_control,3,400,400,0,0,0,0,0,资金退潮
seed-0002__cash_control,4,400,400,0,0,0,0,0,资金退潮
seed-0002__cash_control,5,400,400,0,0,0,0,0,谨慎观望
seed-0002__cash_control,6,400,400,0,0,0,0,0,投机升温
seed-0002__cash_control,7,400,400,0,0,0,0,0,谨慎观望
seed-0002__cash_control,8,400,400,0,0,0,0,0,商路繁荣
seed-0002__cash_control,9,400,400,0,0,0,0,0,商路繁荣
seed-0002__cash_control,10,400,400,0,0,0,0,0,商路繁荣
seed-0002__cash_control,11,400,400,0,0,0,0,0,资金退潮
seed-0002__cash_control,12,400,400,0,0,0,0,0,谨慎观望
seed-0002__moon_hold,0,400,0,,0,0,0,0,常态交易
seed-0002__moon_hold,1,438.83999994,14.84,0.0971,0,14.84,0,0,投机升温
seed-0002__moon_hold,2,477.6534883,30.49069767,0.08844565,0,15.65069767,0,0,商路繁荣
seed-0002__moon_hold,3,501.24720922,46.40999999,0.04939506,0,15.91930232,0,0,资金退潮
seed-0002__moon_hold,4,517.74418597,62.3488372,0.03291186,0,15.93883721,0,0,资金退潮
seed-0002__moon_hold,5,542.34813945,78.58069766,0.04752145,0,16.23186046,0,0,谨慎观望
seed-0002__moon_hold,6,568.25604642,95.13976742,0.04776988,0,16.55906976,0,0,投机升温
seed-0002__moon_hold,7,586.01860456,111.73953486,0.03125802,0,16.59976744,0,0,谨慎观望
seed-0002__moon_hold,8,597.56372084,128.16837207,0.01970094,0,16.42883721,0,0,商路繁荣
seed-0002__moon_hold,9,617.74744176,144.72418602,0.03377668,0,16.55581395,0,0,商路繁荣
seed-0002__moon_hold,10,632.85906967,161.23116276,0.02446247,0,16.50697674,0,0,商路繁荣
seed-0002__moon_hold,11,637.28302315,177.32953485,0.00699042,0,16.09837209,0,0,资金退潮
seed-0002__moon_hold,12,655.2588371,655.2588371,0.02820696,0,16.16186046,0,0,谨慎观望
seed-0002__sky_hold,0,400,0,,0,0,0,0,常态交易
seed-0002__sky_hold,1,430.307,24.357,0.0757675,0,24.357,0,0,投机升温
seed-0002__sky_hold,2,434.1664,29.2164,0.00896895,0,4.8594,0,0,商路繁荣
seed-0002__sky_hold,3,436.7994,34.0494,0.0060645,0,4.833,0,0,资金退潮
seed-0002__sky_hold,4,429.1342,38.7342,-0.01754856,0.01754856,4.6848,0,0,资金退潮
seed-0002__sky_hold,5,417.7282,43.2282,-0.0265791,0.04366123,4.494,0,0,谨慎观望
seed-0002__sky_hold,6,420.2488,47.6988,0.00603407,0.03789062,4.4706,0,0,投机升温
seed-0002__sky_hold,7,447.2658,70.3158,0.06428811,0,22.617,0,0,谨慎观望
seed-0002__sky_hold,8,484.1398,93.7398,0.08244315,0,23.424,0,0,商路繁荣
seed-0002__sky_hold,9,489.027,98.427,0.0100946,0,4.6872,0,0,商路繁荣
seed-0002__sky_hold,10,524.017,122.517,0.07155024,0,24.09,0,0,商路繁荣
seed-0002__sky_hold,11,513.2502,127.1502,-0.02054666,0.02054666,4.6332,0,0,资金退潮
seed-0002__sky_hold,12,499.0602,499.0602,-0.02764733,0.04762594,4.41,0,0,谨慎观望
seed-0002__crystal_hold,0,399.9999998,0,,0,0,0,0,常态交易
seed-0002__crystal_hold,1,453.30322558,31.62580644,0.13325806,0,31.62580644,0,0,投机升温
seed-0002__crystal_hold,2,438.8080643,60.03387094,-0.03197674,0.03197674,28.4080645,0,0,商路繁荣
seed-0002__crystal_hold,3,420.81774173,85.20483867,-0.04099816,0.07166392,25.17096773,0,0,资金退潮
seed-0002__crystal_hold,4,431.83524173,89.06104835,0.02618117,0.04735899,3.85620968,0,0,资金退潮
seed-0002__crystal_hold,5,472.45459654,115.80943543,0.09406216,0,26.74838708,0,0,谨慎观望
seed-0002__crystal_hold,6,484.75258041,119.91387091,0.02602998,0,4.10443548,0,0,投机升温
seed-0002__crystal_hold,7,480.0493546,123.92032252,-0.00970232,0.00970232,4.00645161,0,0,谨慎观望
seed-0002__crystal_hold,8,519.659032,151.52999993,0.08251168,0,27.60967741,0,0,商路繁荣
seed-0002__crystal_hold,9,519.03782233,155.61846767,-0.00119542,0.00119542,4.08846774,0,0,商路繁荣
seed-0002__crystal_hold,10,584.64749971,185.55072572,0.12640635,0,29.93225805,0,0,商路繁荣
seed-0002__crystal_hold,11,595.02169326,214.11846764,0.01774436,0,28.56774192,0,0,资金退潮
seed-0002__crystal_hold,12,678.10233838,678.10233838,0.13962625,0,32.37096773,0,0,谨慎观望
seed-0003__cash_control,0,400,400,,0,0,0,0,常态交易
seed-0003__cash_control,1,400,400,0,0,0,0,0,投机升温
seed-0003__cash_control,2,400,400,0,0,0,0,0,投机升温
seed-0003__cash_control,3,400,400,0,0,0,0,0,谨慎观望
seed-0003__cash_control,4,400,400,0,0,0,0,0,谨慎观望
seed-0003__cash_control,5,400,400,0,0,0,0,0,资金退潮
seed-0003__cash_control,6,400,400,0,0,0,0,0,商路繁荣
seed-0003__cash_control,7,400,400,0,0,0,0,0,商路繁荣
seed-0003__cash_control,8,400,400,0,0,0,0,0,谨慎观望
seed-0003__cash_control,9,400,400,0,0,0,0,0,谨慎观望
seed-0003__cash_control,10,400,400,0,0,0,0,0,投机升温
seed-0003__cash_control,11,400,400,0,0,0,0,0,商路繁荣
seed-0003__cash_control,12,400,400,0,0,0,0,0,投机升温
seed-0003__moon_hold,0,400,0,,0,0,0,0,常态交易
seed-0003__moon_hold,1,438.83999994,14.84,0.0971,0,14.84,0,0,投机升温
seed-0003__moon_hold,2,477.99046505,30.50209302,0.08921353,0,15.66209302,0,0,投机升温
seed-0003__moon_hold,3,498.9479069,46.34325581,0.0438449,0,15.84116279,0,0,谨慎观望
seed-0003__moon_hold,4,516.37767435,62.23813953,0.03493304,0,15.89488372,0,0,谨慎观望
seed-0003__moon_hold,5,531.98372086,78.12325581,0.03022216,0,15.88511628,0,0,资金退潮
seed-0003__moon_hold,6,556.67837201,94.30627906,0.04641994,0,16.18302325,0,0,商路繁荣
seed-0003__moon_hold,7,564.43697666,110.20441859,0.01393732,0,15.89813953,0,0,商路繁荣
seed-0003__moon_hold,8,588.51883712,126.37930231,0.04266528,0,16.17488372,0,0,谨慎观望
seed-0003__moon_hold,9,605.94534875,142.59651161,0.0296108,0,16.2172093,0,0,谨慎观望
seed-0003__moon_hold,10,631.74232549,159.1376744,0.04257311,0,16.54116279,0,0,投机升温
seed-0003__moon_hold,11,651.65325572,175.79279068,0.03151749,0,16.65511628,0,0,商路繁荣
seed-0003__moon_hold,12,672.59279061,672.59279061,0.03213294,0,16.8,0,0,投机升温
seed-0003__sky_hold,0,400,0,,0,0,0,0,常态交易
seed-0003__sky_hold,1,403.3326,4.7826,0.0083315,0,4.7826,0,0,投机升温
seed-0003__sky_hold,2,434.5596,29.1096,0.07742245,0,24.327,0,0,投机升温
seed-0003__sky_hold,3,464.9816,53.7816,0.07000651,0,24.672,0,0,谨慎观望
seed-0003__sky_hold,4,464.7548,58.6548,-0.00048776,0.00048776,4.8732,0,0,谨慎观望
seed-0003__sky_hold,5,459.508,63.408,-0.01128939,0.01177165,4.7532,0,0,资金退潮
seed-0003__sky_hold,6,491.065,87.615,0.06867563,0,24.207,0,0,商路繁荣
seed-0003__sky_hold,7,525.342,112.392,0.06980135,0,24.777,0,0,商路繁荣
seed-0003__sky_hold,8,525.541,117.291,0.0003788,0,4.899,0,0,谨慎观望
seed-0003__sky_hold,9,519.2574,122.0574,-0.01195644,0.01195644,4.7664,0,0,谨慎观望
seed-0003__sky_hold,10,521.6456,126.7956,0.00459926,0.00741217,4.7382,0,0,投机升温
seed-0003__sky_hold,11,551.4846,150.8346,0.05720167,0,24.039,0,0,商路繁荣
seed-0003__sky_hold,12,597.7306,597.7306,0.08385728,0,25.296,0,0,投机升温
seed-0003__crystal_hold,0,399.9999998,0,,0,0,0,0,常态交易
seed-0003__crystal_hold,1,446.92258043,31.18064515,0.11730645,0,31.18064515,0,0,投机升温
seed-0003__crystal_hold,2,502.03064491,64.03064513,0.12330562,0,32.84999998,0,0,投机升温
seed-0003__crystal_hold,3,511.32935458,69.00677416,0.0185222,0,4.97612903,0,0,谨慎观望
seed-0003__crystal_hold,4,565.86483843,103.67129027,0.10665432,0,34.66451611,0,0,谨慎观望
seed-0003__crystal_hold,5,563.00838682,135.71806445,-0.00504794,0.00504794,32.04677418,0,0,资金退潮
seed-0003__crystal_hold,6,626.95838679,169.99064508,0.11358623,0,34.27258063,0,0,商路繁荣
seed-0003__crystal_hold,7,623.94403195,175.04080637,-0.0048079,0.0048079,5.05016129,0,0,商路繁荣
seed-0003__crystal_hold,8,638.4698384,207.37306442,0.02328062,0,32.33225805,0,0,谨慎观望
seed-0003__crystal_hold,9,647.42991904,212.26862893,0.01403368,0,4.89556451,0,0,谨慎观望
seed-0003__crystal_hold,10,693.52185449,245.84443536,0.07119216,0,33.57580643,0,0,投机升温
seed-0003__crystal_hold,11,758.23798349,281.59282244,0.0933152,0,35.74838708,0,0,商路繁荣
seed-0003__crystal_hold,12,763.14354801,763.14354801,0.00646969,0,5.35717742,0,0,投机升温
seed-0004__cash_control,0,400,400,,0,0,0,0,常态交易
seed-0004__cash_control,1,400,400,0,0,0,0,0,资金退潮
seed-0004__cash_control,2,400,400,0,0,0,0,0,谨慎观望
seed-0004__cash_control,3,400,400,0,0,0,0,0,谨慎观望
seed-0004__cash_control,4,400,400,0,0,0,0,0,资金退潮
seed-0004__cash_control,5,400,400,0,0,0,0,0,资金退潮
seed-0004__cash_control,6,400,400,0,0,0,0,0,资金退潮
seed-0004__cash_control,7,400,400,0,0,0,0,0,谨慎观望
seed-0004__cash_control,8,400,400,0,0,0,0,0,投机升温
seed-0004__cash_control,9,400,400,0,0,0,0,0,资金退潮
seed-0004__cash_control,10,400,400,0,0,0,0,0,投机升温
seed-0004__cash_control,11,400,400,0,0,0,0,0,资金退潮
seed-0004__cash_control,12,400,400,0,0,0,0,0,资金退潮
seed-0004__moon_hold,0,400,0,,0,0,0,0,常态交易
seed-0004__moon_hold,1,432.24488365,14.61697674,0.08061221,0,14.61697674,0,0,资金退潮
seed-0004__moon_hold,2,460.14837202,29.68325581,0.06455481,0,15.06627907,0,0,谨慎观望
seed-0004__moon_hold,3,487.05697667,45.14999999,0.0584781,0,15.46674418,0,0,谨慎观望
seed-0004__moon_hold,4,509.3595348,60.84790696,0.04579045,0,15.69790697,0,0,资金退潮
seed-0004__moon_hold,5,522.45790689,76.45790696,0.02571538,0,15.61,0,0,资金退潮
seed-0004__moon_hold,6,539.70465107,92.12325579,0.03301078,0,15.66534883,0,0,资金退潮
seed-0004__moon_hold,7,555.2255813,107.7837209,0.02875819,0,15.66046511,0,0,谨慎观望
seed-0004__moon_hold,8,580.41767432,123.7665116,0.04537272,0,15.9827907,0,0,投机升温
seed-0004__moon_hold,9,589.42023246,139.51325578,0.01551048,0,15.74674418,0,0,资金退潮
seed-0004__moon_hold,10,609.54767432,155.4081395,0.03414786,0,15.89488372,0,0,投机升温
seed-0004__moon_hold,11,606.66813943,170.6681395,-0.00472405,0.00472405,15.26,0,0,资金退潮
seed-0004__moon_hold,12,618.8472092,618.8472092,0.02007534,0,15.15581395,0,0,资金退潮
seed-0004__sky_hold,0,400,0,,0,0,0,0,常态交易
seed-0004__sky_hold,1,381.7264,4.5264,-0.045684,0.045684,4.5264,0,0,资金退潮
seed-0004__sky_hold,2,372.5908,8.8908,-0.02393232,0.068523,4.3644,0,0,谨慎观望
seed-0004__sky_hold,3,372.1988,13.1988,-0.00105209,0.069503,4.308,0,0,谨慎观望
seed-0004__sky_hold,4,375.0394,17.4894,0.00763194,0.0624015,4.2906,0,0,资金退潮
seed-0004__sky_hold,5,376.6482,21.7482,0.00428968,0.0583795,4.2588,0,0,资金退潮
seed-0004__sky_hold,6,377.6686,25.9686,0.00270916,0.0558285,4.2204,0,0,资金退潮
seed-0004__sky_hold,7,402.7986,47.2986,0.06653982,0,21.33,0,0,谨慎观望
seed-0004__sky_hold,8,436.1066,69.3066,0.08269145,0,22.008,0,0,投机升温
seed-0004__sky_hold,9,466.7536,91.8036,0.0702741,0,22.497,0,0,资金退潮
seed-0004__sky_hold,10,496.0876,114.6876,0.06284686,0,22.884,0,0,投机升温
seed-0004__sky_hold,11,491.5564,119.1564,-0.00913387,0.00913387,4.4688,0,0,资金退潮
seed-0004__sky_hold,12,487.4232,487.4232,-0.00840839,0.01746546,4.3668,0,0,资金退潮
seed-0004__crystal_hold,0,399.9999998,0,,0,0,0,0,常态交易
seed-0004__crystal_hold,1,400.58548367,4.45645161,0.00146371,0,4.45645161,0,0,资金退潮
seed-0004__crystal_hold,2,410.26129012,8.97096774,0.02415416,0,4.51451613,0,0,谨慎观望
seed-0004__crystal_hold,3,419.01653206,13.53266129,0.02134065,0,4.56169355,0,0,谨慎观望
seed-0004__crystal_hold,4,508.24072556,48.0471774,0.21293717,0,34.51451611,0,0,资金退潮
seed-0004__crystal_hold,5,512.63499975,53.21564514,0.00864605,0,5.16846774,0,0,资金退潮
seed-0004__crystal_hold,6,605.21080615,91.72693544,0.18058815,0,38.5112903,0,0,资金退潮
seed-0004__crystal_hold,7,599.24395131,97.37298382,-0.00985913,0.00985913,5.64604838,0,0,谨慎观望
seed-0004__crystal_hold,8,672.94878998,137.52943541,0.12299638,0,40.15645159,0,0,投机升温
seed-0004__crystal_hold,9,668.14209644,143.43241928,-0.00714273,0.00714273,5.90298387,0,0,资金退潮
seed-0004__crystal_hold,10,744.80822543,185.38887087,0.11474525,0,41.95645159,0,0,投机升温
seed-0004__crystal_hold,11,745.03419317,191.61483861,0.00030339,0,6.22596774,0,0,资金退潮
seed-0004__crystal_hold,12,748.8462093,748.8462093,0.00511657,0,6.1991129,0,0,资金退潮
seed-0005__cash_control,0,400,400,,0,0,0,0,常态交易
seed-0005__cash_control,1,400,400,0,0,0,0,0,投机升温
seed-0005__cash_control,2,400,400,0,0,0,0,0,谨慎观望
seed-0005__cash_control,3,400,400,0,0,0,0,0,投机升温
seed-0005__cash_control,4,400,400,0,0,0,0,0,商路繁荣
seed-0005__cash_control,5,400,400,0,0,0,0,0,谨慎观望
seed-0005__cash_control,6,400,400,0,0,0,0,0,商路繁荣
seed-0005__cash_control,7,400,400,0,0,0,0,0,投机升温
seed-0005__cash_control,8,400,400,0,0,0,0,0,投机升温
seed-0005__cash_control,9,400,400,0,0,0,0,0,投机升温
seed-0005__cash_control,10,400,400,0,0,0,0,0,投机升温
seed-0005__cash_control,11,400,400,0,0,0,0,0,商路繁荣
seed-0005__cash_control,12,400,400,0,0,0,0,0,谨慎观望
seed-0005__moon_hold,0,400,0,,0,0,0,0,常态交易
seed-0005__moon_hold,1,437.49209296,14.7944186,0.09373023,0,14.7944186,0,0,投机升温
seed-0005__moon_hold,2,469.52046504,30.1716279,0.07320903,0,15.3772093,0,0,谨慎观望
seed-0005__moon_hold,3,503.3351162,46.17232557,0.07201955,0,16.00069767,0,0,投机升温
seed-0005__moon_hold,4,528.86744177,62.49534882,0.05072629,0,16.32302325,0,0,商路繁荣
seed-0005__moon_hold,5,542.54279061,78.72883719,0.0258578,0,16.23348837,0,0,谨慎观望
seed-0005__moon_hold,6,561.76093014,95.06325579,0.03542235,0,16.3344186,0,0,商路繁荣
seed-0005__moon_hold,7,580.30976734,111.47255811,0.03301909,0,16.40930232,0,0,投机升温
seed-0005__moon_hold,8,599.41488361,127.97302322,0.03292227,0,16.50046511,0,0,投机升温
seed-0005__moon_hold,9,615.96348826,144.47511624,0.02760793,0,16.50209302,0,0,投机升温
seed-0005__moon_hold,10,640.02348826,161.23279066,0.03906076,0,16.75767442,0,0,投机升温
seed-0005__moon_hold,11,654.42232547,177.91069763,0.02249736,0,16.67790697,0,0,商路繁荣
seed-0005__moon_hold,12,667.68232546,667.68232546,0.02026214,0,16.56232558,0,0,谨慎观望
seed-0005__sky_hold,0,400,0,,0,0,0,0,常态交易
seed-0005__sky_hold,1,435.13,24.63,0.087825,0,24.63,0,0,投机升温
seed-0005__sky_hold,2,436.9188,29.5188,0.00411096,0,4.8888,0,0,谨慎观望
seed-0005__sky_hold,3,468.6238,54.3738,0.07256497,0,24.855,0,0,投机升温
seed-0005__sky_hold,4,512.2408,80.2908,0.09307466,0,25.917,0,0,商路繁荣
seed-0005__sky_hold,5,518.4362,85.4862,0.0120947,0,5.1954,0,0,谨慎观望
seed-0005__sky_hold,6,553.3172,111.9672,0.06728118,0,26.481,0,0,商路繁荣
seed-0005__sky_hold,7,559.2206,117.2706,0.01066911,0,5.3034,0,0,投机升温
seed-0005__sky_hold,8,591.5676,144.1176,0.05784301,0,26.847,0,0,投机升温
seed-0005__sky_hold,9,631.1876,171.6876,0.06697459,0,27.57,0,0,投机升温
seed-0005__sky_hold,10,618.5362,176.9862,-0.0200438,0.0200438,5.2986,0,0,投机升温
seed-0005__sky_hold,11,603.0888,182.0388,-0.02497412,0.04451735,5.0526,0,0,商路繁荣
seed-0005__sky_hold,12,586.0798,586.0798,-0.02820314,0.07146497,4.791,0,0,谨慎观望
seed-0005__crystal_hold,0,399.9999998,0,,0,0,0,0,常态交易
seed-0005__crystal_hold,1,498.79999975,34.79999998,0.247,0,34.79999998,0,0,投机升温
seed-0005__crystal_hold,2,496.77814491,39.93943546,-0.00405344,0.00405344,5.13943548,0,0,谨慎观望
seed-0005__crystal_hold,3,491.28314491,44.96056449,-0.01106128,0.01506988,5.02112903,0,0,投机升温
seed-0005__crystal_hold,4,550.21056423,80.21056447,0.11994594,0,35.24999998,0,0,商路繁荣
seed-0005__crystal_hold,5,557.06387068,85.51548382,0.01245579,0,5.30491935,0,0,谨慎观望
seed-0005__crystal_hold,6,574.05096745,119.59935477,0.03049398,0,34.08387095,0,0,商路繁荣
seed-0005__crystal_hold,7,686.29774158,159.13645152,0.19553451,0,39.53709675,0,0,投机升温
seed-0005__crystal_hold,8,689.74911255,165.03943539,0.00502897,0,5.90298387,0,0,投机升温
seed-0005__crystal_hold,9,750.25556413,205.86846763,0.08772241,0,40.82903224,0,0,投机升温
seed-0005__crystal_hold,10,765.51378993,212.09443537,0.02033737,0,6.22596774,0,0,投机升温
seed-0005__crystal_hold,11,768.60814477,218.2855644,0.00404219,0,6.19112903,0,0,商路繁荣
seed-0005__crystal_hold,12,715.21298351,715.21298351,-0.06946994,0.06946994,34.66935482,0,0,谨慎观望
seed-0006__cash_control,0,400,400,,0,0,0,0,常态交易
seed-0006__cash_control,1,400,400,0,0,0,0,0,投机升温
seed-0006__cash_control,2,400,400,0,0,0,0,0,谨慎观望
seed-0006__cash_control,3,400,400,0,0,0,0,0,资金退潮
seed-0006__cash_control,4,400,400,0,0,0,0,0,谨慎观望
seed-0006__cash_control,5,400,400,0,0,0,0,0,资金退潮
seed-0006__cash_control,6,400,400,0,0,0,0,0,谨慎观望
seed-0006__cash_control,7,400,400,0,0,0,0,0,谨慎观望
seed-0006__cash_control,8,400,400,0,0,0,0,0,资金退潮
seed-0006__cash_control,9,400,400,0,0,0,0,0,谨慎观望
seed-0006__cash_control,10,400,400,0,0,0,0,0,资金退潮
seed-0006__cash_control,11,400,400,0,0,0,0,0,商路繁荣
seed-0006__cash_control,12,400,400,0,0,0,0,0,资金退潮
seed-0006__moon_hold,0,400,0,,0,0,0,0,常态交易
seed-0006__moon_hold,1,438.83999994,14.84,0.0971,0,14.84,0,0,投机升温
seed-0006__moon_hold,2,470.4806976,30.24813953,0.07210076,0,15.40813953,0,0,谨慎观望
seed-0006__moon_hold,3,492.24325574,45.87116278,0.04625601,0,15.62302325,0,0,资金退潮
seed-0006__moon_hold,4,510.46581387,61.58209301,0.03701942,0,15.71093023,0,0,谨慎观望
seed-0006__moon_hold,5,527.1395348,77.32558138,0.03266374,0,15.74348837,0,0,资金退潮
seed-0006__moon_hold,6,540.76488363,92.99744184,0.02584771,0,15.67186046,0,0,谨慎观望
seed-0006__moon_hold,7,557.30325573,108.69860463,0.0305833,0,15.70116279,0,0,谨慎观望
seed-0006__moon_hold,8,568.09418596,124.23372091,0.01936276,0,15.53511628,0,0,资金退潮
seed-0006__moon_hold,9,585.93999991,139.84697672,0.03141348,0,15.61325581,0,0,谨慎观望
seed-0006__moon_hold,10,602.85302316,155.50418602,0.02886477,0,15.6572093,0,0,资金退潮
seed-0006__moon_hold,11,629.96744176,171.54883718,0.04497683,0,16.04465116,0,0,商路繁荣
seed-0006__moon_hold,12,643.99023246,643.99023246,0.02225955,0,15.97627907,0,0,资金退潮
seed-0006__sky_hold,0,400,0,,0,0,0,0,常态交易
seed-0006__sky_hold,1,435.448,24.648,0.08862,0,24.648,0,0,投机升温
seed-0006__sky_hold,2,435.1658,29.5158,-0.00064807,0.00064807,4.8678,0,0,谨慎观望
seed-0006__sky_hold,3,420.4514,34.1514,-0.03381332,0.03443947,4.6356,0,0,资金退潮
seed-0006__sky_hold,4,412.437,38.637,-0.01906142,0.05284443,4.4856,0,0,谨慎观望
seed-0006__sky_hold,5,399.9716,42.9216,-0.03022377,0.08147104,4.2846,0,0,资金退潮
seed-0006__sky_hold,6,398.9432,47.1432,-0.00257118,0.08383274,4.2216,0,0,谨慎观望
seed-0006__sky_hold,7,422.7542,68.4042,0.05968519,0.02915113,21.261,0,0,谨慎观望
seed-0006__sky_hold,8,421.0356,72.5856,-0.00406525,0.03309787,4.1814,0,0,资金退潮
seed-0006__sky_hold,9,448.7796,93.8796,0.06589467,0,21.294,0,0,谨慎观望
seed-0006__sky_hold,10,452.1276,98.1276,0.00746023,0,4.248,0,0,资金退潮
seed-0006__sky_hold,11,485.6636,120.0636,0.07417375,0,21.936,0,0,商路繁荣
seed-0006__sky_hold,12,510.8326,510.8326,0.05182394,0,22.119,0,0,资金退潮
seed-0006__crystal_hold,0,399.9999998,0,,0,0,0,0,常态交易
seed-0006__crystal_hold,1,453.64999977,31.64999998,0.134125,0,31.64999998,0,0,投机升温
seed-0006__crystal_hold,2,468.37951589,36.50854836,0.0324689,0,4.85854838,0,0,谨慎观望
seed-0006__crystal_hold,3,534.54564489,71.25532254,0.14126606,0,34.74677418,0,0,资金退潮
seed-0006__crystal_hold,4,550.08112876,104.66177414,0.02906297,0,33.4064516,0,0,谨慎观望
seed-0006__crystal_hold,5,637.58435452,141.84241928,0.15907331,0,37.18064514,0,0,资金退潮
seed-0006__crystal_hold,6,642.96572548,147.41733863,0.00844025,0,5.57491935,0,0,谨慎观望
seed-0006__crystal_hold,7,636.40564484,152.85725798,-0.01020285,0.01020285,5.43991935,0,0,谨慎观望
seed-0006__crystal_hold,8,652.1427416,187.69112893,0.02472809,0,34.83387095,0,0,资金退潮
seed-0006__crystal_hold,9,704.03790287,223.71532246,0.07957638,0,36.02419353,0,0,谨慎观望
seed-0006__crystal_hold,10,714.7913706,229.17846762,0.01527399,0,5.46314516,0,0,资金退潮
seed-0006__crystal_hold,11,799.20588669,268.94782244,0.11809672,0,39.76935482,0,0,商路繁荣
seed-0006__crystal_hold,12,822.95427377,822.95427377,0.02971498,0,38.65161288,0,0,资金退潮
seed-0007__cash_control,0,400,400,,0,0,0,0,常态交易
seed-0007__cash_control,1,400,400,0,0,0,0,0,商路繁荣
seed-0007__cash_control,2,400,400,0,0,0,0,0,商路繁荣
seed-0007__cash_control,3,400,400,0,0,0,0,0,谨慎观望
seed-0007__cash_control,4,400,400,0,0,0,0,0,商路繁荣
seed-0007__cash_control,5,400,400,0,0,0,0,0,谨慎观望
seed-0007__cash_control,6,400,400,0,0,0,0,0,商路繁荣
seed-0007__cash_control,7,400,400,0,0,0,0,0,商路繁荣
seed-0007__cash_control,8,400,400,0,0,0,0,0,商路繁荣
seed-0007__cash_control,9,400,400,0,0,0,0,0,资金退潮
seed-0007__cash_control,10,400,400,0,0,0,0,0,资金退潮
seed-0007__cash_control,11,400,400,0,0,0,0,0,资金退潮
seed-0007__cash_control,12,400,400,0,0,0,0,0,商路繁荣
seed-0007__moon_hold,0,400,0,,0,0,0,0,常态交易
seed-0007__moon_hold,1,438.83999994,14.84,0.0971,0,14.84,0,0,商路繁荣
seed-0007__moon_hold,2,478.56813946,30.5216279,0.0905299,0,15.6816279,0,0,商路繁荣
seed-0007__moon_hold,3,502.00023248,46.46534883,0.04896292,0,15.94372093,0,0,谨慎观望
seed-0007__moon_hold,4,531.75999992,62.87627906,0.05928238,0,16.41093023,0,0,商路繁荣
seed-0007__moon_hold,5,565.11604643,79.86023255,0.06272763,0,16.98395349,0,0,谨慎观望
seed-0007__moon_hold,6,589.80232549,97.10465115,0.04368356,0,17.2444186,0,0,商路繁荣
seed-0007__moon_hold,7,615.56744177,114.63720929,0.04368432,0,17.53255814,0,0,商路繁荣
seed-0007__moon_hold,8,640.32093014,132.41395347,0.04021247,0,17.77674418,0,0,商路繁荣
seed-0007__moon_hold,9,647.07372084,149.81790696,0.01054595,0,17.40395349,0,0,资金退潮
seed-0007__moon_hold,10,656.5827906,166.9548837,0.0146955,0,17.13697674,0,0,资金退潮
seed-0007__moon_hold,11,670.63883712,183.9876744,0.02140788,0,17.0327907,0,0,资金退潮
seed-0007__moon_hold,12,696.14418595,696.14418595,0.03803142,0,17.31930232,0,0,商路繁荣
seed-0007__sky_hold,0,400,0,,0,0,0,0,常态交易
seed-0007__sky_hold,1,406.1156,4.8156,0.015289,0,4.8156,0,0,商路繁荣
seed-0007__sky_hold,2,439.3096,29.4096,0.08173535,0,24.594,0,0,商路繁荣
seed-0007__sky_hold,3,472.7546,54.5046,0.07613082,0,25.095,0,0,谨慎观望
seed-0007__sky_hold,4,511.9476,80.3976,0.08290348,0,25.893,0,0,商路繁荣
seed-0007__sky_hold,5,540.9676,106.4676,0.05668549,0,26.07,0,0,谨慎观望
seed-0007__sky_hold,6,544.0058,111.6558,0.00561623,0,5.1882,0,0,商路繁荣
seed-0007__sky_hold,7,546.411,116.811,0.00442128,0,5.1552,0,0,商路繁荣
seed-0007__sky_hold,8,552.7806,121.9806,0.01165716,0,5.1696,0,0,商路繁荣
seed-0007__sky_hold,9,550.765,127.065,-0.00364629,0.00364629,5.0844,0,0,资金退潮
seed-0007__sky_hold,10,540.467,131.967,-0.01869763,0.02227575,4.902,0,0,资金退潮
seed-0007__sky_hold,11,521.84,136.59,-0.03446464,0.05597266,4.623,0,0,资金退潮
seed-0007__sky_hold,12,527.1208,527.1208,0.01011958,0.0464195,4.6308,0,0,商路繁荣
seed-0007__crystal_hold,0,399.9999998,0,,0,0,0,0,常态交易
seed-0007__crystal_hold,1,412.00282238,4.58346774,0.03000706,0,4.58346774,0,0,商路繁荣
seed-0007__crystal_hold,2,416.26008044,9.16330645,0.01033308,0,4.57983871,0,0,商路繁荣
seed-0007__crystal_hold,3,457.88911268,40.46975805,0.10000727,0,31.3064516,0,0,谨慎观望
seed-0007__crystal_hold,4,461.17620945,69.82137094,0.00717881,0,29.35161289,0,0,商路繁荣
seed-0007__crystal_hold,5,474.84330622,74.32717739,0.0296353,0,4.50580645,0,0,谨慎观望
seed-0007__crystal_hold,6,517.43524168,105.2416935,0.08969682,0,30.91451611,0,0,商路繁荣
seed-0007__crystal_hold,7,565.48040294,137.3513709,0.09285251,0,32.1096774,0,0,商路繁荣
seed-0007__crystal_hold,8,563.96838681,142.09741928,-0.00267386,0.00267386,4.74604838,0,0,商路繁荣
seed-0007__crystal_hold,9,567.27911261,146.82749992,0.00587041,0,4.73008064,0,0,资金退潮
seed-0007__crystal_hold,10,572.40064487,151.5619354,0.00902824,0,4.73443548,0,0,资金退潮
seed-0007__crystal_hold,11,579.6142739,156.32395153,0.01260241,0,4.76201613,0,0,资金退潮
seed-0007__crystal_hold,12,576.61249971,576.61249971,-0.00517892,0.00517892,4.67564516,0,0,商路繁荣
seed-0008__cash_control,0,400,400,,0,0,0,0,常态交易
seed-0008__cash_control,1,400,400,0,0,0,0,0,商路繁荣
seed-0008__cash_control,2,400,400,0,0,0,0,0,商路繁荣
seed-0008__cash_control,3,400,400,0,0,0,0,0,资金退潮
seed-0008__cash_control,4,400,400,0,0,0,0,0,商路繁荣
seed-0008__cash_control,5,400,400,0,0,0,0,0,投机升温
seed-0008__cash_control,6,400,400,0,0,0,0,0,谨慎观望
seed-0008__cash_control,7,400,400,0,0,0,0,0,资金退潮
seed-0008__cash_control,8,400,400,0,0,0,0,0,投机升温
seed-0008__cash_control,9,400,400,0,0,0,0,0,商路繁荣
seed-0008__cash_control,10,400,400,0,0,0,0,0,投机升温
seed-0008__cash_control,11,400,400,0,0,0,0,0,谨慎观望
seed-0008__cash_control,12,400,400,0,0,0,0,0,资金退潮
seed-0008__moon_hold,0,400,0,,0,0,0,0,常态交易
seed-0008__moon_hold,1,438.83999994,14.84,0.0971,0,14.84,0,0,商路繁荣
seed-0008__moon_hold,2,480.01232551,30.57046511,0.09382081,0,15.73046511,0,0,商路繁荣
seed-0008__moon_hold,3,499.83465109,46.43930232,0.04129545,0,15.86883721,0,0,资金退潮
seed-0008__moon_hold,4,530.57860457,62.81116278,0.06150825,0,16.37186046,0,0,商路繁荣
seed-0008__moon_hold,5,555.51930224,79.47279068,0.0470066,0,16.6616279,0,0,投机升温
seed-0008__moon_hold,6,568.76302317,96.01883719,0.02384025,0,16.54604651,0,0,谨慎观望
seed-0008__moon_hold,7,578.71395339,112.34186044,0.01749574,0,16.32302325,0,0,资金退潮
seed-0008__moon_hold,8,597.68465107,128.75441858,0.03278078,0,16.41255814,0,0,投机升温
seed-0008__moon_hold,9,625.45813943,145.55116276,0.04646847,0,16.79674418,0,0,商路繁荣
seed-0008__moon_hold,10,644.0360464,162.4081395,0.02970288,0,16.85697674,0,0,投机升温
seed-0008__moon_hold,11,658.72674408,179.19186043,0.02281037,0,16.78372093,0,0,谨慎观望
seed-0008__moon_hold,12,651.39255803,651.39255803,-0.01113388,0.01113388,15.96813953,0,0,资金退潮
seed-0008__sky_hold,0,400,0,,0,0,0,0,常态交易
seed-0008__sky_hold,1,430.731,24.381,0.0768275,0,24.381,0,0,商路繁荣
seed-0008__sky_hold,2,473.874,49.824,0.10016228,0,25.443,0,0,商路繁荣
seed-0008__sky_hold,3,471.069,54.819,-0.0059193,0.0059193,4.995,0,0,资金退潮
seed-0008__sky_hold,4,469.6378,59.7378,-0.0030382,0.00893951,4.9188,0,0,商路繁荣
seed-0008__sky_hold,5,469.5978,64.5978,-0.00008517,0.00902392,4.86,0,0,投机升温
seed-0008__sky_hold,6,467.1208,69.3708,-0.00527473,0.01425105,4.773,0,0,谨慎观望
seed-0008__sky_hold,7,467.188,74.088,0.00014386,0.01410924,4.7172,0,0,资金退潮
seed-0008__sky_hold,8,503.388,98.388,0.07748487,0,24.3,0,0,投机升温
seed-0008__sky_hold,9,537.97,123.27,0.0686985,0,24.882,0,0,商路繁荣
seed-0008__sky_hold,10,576.632,148.932,0.07186646,0,25.662,0,0,投机升温
seed-0008__sky_hold,11,605.686,174.786,0.05038569,0,25.854,0,0,谨慎观望
seed-0008__sky_hold,12,598.561,598.561,-0.01176352,0.01176352,5.025,0,0,资金退潮
seed-0008__crystal_hold,0,399.9999998,0,,0,0,0,0,常态交易
seed-0008__crystal_hold,1,407.11290302,28.40322579,0.01778226,0,28.40322579,0,0,商路繁荣
seed-0008__crystal_hold,2,420.31153204,32.76314514,0.03242007,0,4.35991935,0,0,商路繁荣
seed-0008__crystal_hold,3,433.02241913,37.21596772,0.03024159,0,4.45282258,0,0,资金退潮
seed-0008__crystal_hold,4,431.98370946,64.75790319,-0.00239874,0.00239874,27.54193547,0,0,商路繁荣
seed-0008__crystal_hold,5,479.08370944,93.66435479,0.10903189,0,28.9064516,0,0,投机升温
seed-0008__crystal_hold,6,497.37887072,121.83048381,0.03818782,0,28.16612902,0,0,谨慎观望
seed-0008__crystal_hold,7,492.60040298,125.95524187,-0.0096073,0.0096073,4.12475806,0,0,资金退潮
seed-0008__crystal_hold,8,549.15846747,155.48104831,0.1148153,0,29.52580644,0,0,投机升温
seed-0008__crystal_hold,9,595.32943519,186.16814507,0.08407586,0,30.68709676,0,0,商路繁荣
seed-0008__crystal_hold,10,571.98911262,213.08588699,-0.03920573,0.03920573,26.91774192,0,0,投机升温
seed-0008__crystal_hold,11,618.60362872,241.37782246,0.08149546,0,28.29193547,0,0,谨慎观望
seed-0008__crystal_hold,12,620.5639513,620.5639513,0.00316895,0,4.21838709,0,0,资金退潮
seed-0009__cash_control,0,400,400,,0,0,0,0,常态交易
seed-0009__cash_control,1,400,400,0,0,0,0,0,商路繁荣
seed-0009__cash_control,2,400,400,0,0,0,0,0,投机升温
seed-0009__cash_control,3,400,400,0,0,0,0,0,投机升温
seed-0009__cash_control,4,400,400,0,0,0,0,0,商路繁荣
seed-0009__cash_control,5,400,400,0,0,0,0,0,资金退潮
seed-0009__cash_control,6,400,400,0,0,0,0,0,谨慎观望
seed-0009__cash_control,7,400,400,0,0,0,0,0,资金退潮
seed-0009__cash_control,8,400,400,0,0,0,0,0,谨慎观望
seed-0009__cash_control,9,400,400,0,0,0,0,0,投机升温
seed-0009__cash_control,10,400,400,0,0,0,0,0,资金退潮
seed-0009__cash_control,11,400,400,0,0,0,0,0,资金退潮
seed-0009__cash_control,12,400,400,0,0,0,0,0,谨慎观望
seed-0009__moon_hold,0,400,0,,0,0,0,0,常态交易
seed-0009__moon_hold,1,438.83999994,14.84,0.0971,0,14.84,0,0,商路繁荣
seed-0009__moon_hold,2,472.83953481,30.32790697,0.07747592,0,15.48790697,0,0,投机升温
seed-0009__moon_hold,3,502.72116271,46.30255813,0.06319613,0,15.97465116,0,0,投机升温
seed-0009__moon_hold,4,530.44186038,62.67441859,0.0551413,0,16.37186046,0,0,商路繁荣
seed-0009__moon_hold,5,545.27325573,78.99418603,0.02796045,0,16.31976744,0,0,资金退潮
seed-0009__moon_hold,6,562.74837201,95.35302324,0.03204836,0,16.35883721,0,0,谨慎观望
seed-0009__moon_hold,7,576.65209293,111.62883719,0.02470682,0,16.27581395,0,0,资金退潮
seed-0009__moon_hold,8,590.37651154,127.81837207,0.02380017,0,16.18953488,0,0,谨慎观望
seed-0009__moon_hold,9,611.81325572,144.18534881,0.03631029,0,16.36697674,0,0,投机升温
seed-0009__moon_hold,10,626.73604641,160.50348834,0.02439109,0,16.31813953,0,0,资金退潮
seed-0009__moon_hold,11,637.51813943,176.63441857,0.01720356,0,16.13093023,0,0,资金退潮
seed-0009__moon_hold,12,660.00348826,660.00348826,0.03527013,0,16.34581395,0,0,谨慎观望
seed-0009__sky_hold,0,400,0,,0,0,0,0,常态交易
seed-0009__sky_hold,1,433.222,24.522,0.083055,0,24.522,0,0,商路繁荣
seed-0009__sky_hold,2,465.906,49.506,0.075444,0,24.984,0,0,投机升温
seed-0009__sky_hold,3,508.804,75.504,0.09207437,0,25.998,0,0,投机升温
seed-0009__sky_hold,4,548.688,102.288,0.07838775,0,26.784,0,0,商路繁荣
seed-0009__sky_hold,5,537.954,107.454,-0.01956303,0.01956303,5.166,0,0,资金退潮
seed-0009__sky_hold,6,518.326,112.326,-0.03648639,0.05533564,4.872,0,0,谨慎观望
seed-0009__sky_hold,7,493.4958,116.8458,-0.0479046,0.10058941,4.5198,0,0,资金退潮
seed-0009__sky_hold,8,481.014,121.164,-0.02529262,0.12333785,4.3182,0,0,谨慎观望
seed-0009__sky_hold,9,504.566,142.866,0.04896323,0.08041364,21.702,0,0,投机升温
seed-0009__sky_hold,10,529.236,164.736,0.0488935,0.03545184,21.87,0,0,资金退潮
seed-0009__sky_hold,11,532.0414,169.0914,0.00530085,0.03033892,4.3554,0,0,资金退潮
seed-0009__sky_hold,12,560.1784,560.1784,0.05288498,0,22.137,0,0,谨慎观望
seed-0009__crystal_hold,0,399.9999998,0,,0,0,0,0,常态交易
seed-0009__crystal_hold,1,457.74193525,31.93548385,0.14435484,0,31.93548385,0,0,商路繁荣
seed-0009__crystal_hold,2,507.84838684,65.13870964,0.10946441,0,33.20322579,0,0,投机升温
seed-0009__crystal_hold,3,523.52854812,70.23822577,0.03087567,0,5.09951613,0,0,投机升温
seed-0009__crystal_hold,4,533.19499973,75.38854835,0.01846404,0,5.15032258,0,0,商路繁荣
seed-0009__crystal_hold,5,537.4304836,107.6240322,0.00794359,0,32.23548385,0,0,资金退潮
seed-0009__crystal_hold,6,581.45629003,140.6820967,0.08191907,0,33.0580645,0,0,谨慎观望
seed-0009__crystal_hold,7,586.42564486,171.78048378,0.00854639,0,31.09838708,0,0,资金退潮
seed-0009__crystal_hold,8,600.94193518,176.55483862,0.02475385,0,4.77435484,0,0,谨慎观望
seed-0009__crystal_hold,9,615.17637066,181.43443539,0.02368687,0,4.87959677,0,0,投机升温
seed-0009__crystal_hold,10,690.08282224,216.92153215,0.12176419,0,35.48709676,0,0,资金退潮
seed-0009__crystal_hold,11,707.95378997,251.17959665,0.02589684,0,34.2580645,0,0,资金退潮
seed-0009__crystal_hold,12,710.93951577,710.93951577,0.0042174,0,5.11475806,0,0,谨慎观望
seed-0010__cash_control,0,400,400,,0,0,0,0,常态交易
seed-0010__cash_control,1,400,400,0,0,0,0,0,投机升温
seed-0010__cash_control,2,400,400,0,0,0,0,0,谨慎观望
seed-0010__cash_control,3,400,400,0,0,0,0,0,投机升温
seed-0010__cash_control,4,400,400,0,0,0,0,0,资金退潮
seed-0010__cash_control,5,400,400,0,0,0,0,0,投机升温
seed-0010__cash_control,6,400,400,0,0,0,0,0,谨慎观望
seed-0010__cash_control,7,400,400,0,0,0,0,0,商路繁荣
seed-0010__cash_control,8,400,400,0,0,0,0,0,谨慎观望
seed-0010__cash_control,9,400,400,0,0,0,0,0,谨慎观望
seed-0010__cash_control,10,400,400,0,0,0,0,0,投机升温
seed-0010__cash_control,11,400,400,0,0,0,0,0,投机升温
seed-0010__cash_control,12,400,400,0,0,0,0,0,商路繁荣
seed-0010__moon_hold,0,400,0,,0,0,0,0,常态交易
seed-0010__moon_hold,1,438.83999994,14.84,0.0971,0,14.84,0,0,投机升温
seed-0010__moon_hold,2,465.28162784,30.07232558,0.06025346,0,15.23232558,0,0,谨慎观望
seed-0010__moon_hold,3,499.24023248,45.93790697,0.07298505,0,15.86558139,0,0,投机升温
seed-0010__moon_hold,4,513.03581387,61.73348836,0.02763315,0,15.79558139,0,0,资金退潮
seed-0010__moon_hold,5,534.89697666,77.73418603,0.04261138,0,16.00069767,0,0,投机升温
seed-0010__moon_hold,6,559.70720921,94.03279068,0.0463832,0,16.29860465,0,0,谨慎观望
seed-0010__moon_hold,7,583.46744177,110.58372091,0.04245118,0,16.55093023,0,0,商路繁荣
seed-0010__moon_hold,8,604.44720921,127.28441858,0.03595705,0,16.70069767,0,0,谨慎观望
seed-0010__moon_hold,9,617.92255804,143.87604648,0.02229367,0,16.5916279,0,0,谨慎观望
seed-0010__moon_hold,10,639.18372082,160.62558136,0.03440749,0,16.74953488,0,0,投机升温
seed-0010__moon_hold,11,657.13674408,177.41581392,0.02808742,0,16.79023256,0,0,投机升温
seed-0010__moon_hold,12,674.07139524,674.07139524,0.02577036,0,16.79511628,0,0,商路繁荣
seed-0010__sky_hold,0,400,0,,0,0,0,0,常态交易
seed-0010__sky_hold,1,433.275,24.525,0.0831875,0,24.525,0,0,投机升温
seed-0010__sky_hold,2,434.638,29.388,0.00314581,0,4.863,0,0,谨慎观望
seed-0010__sky_hold,3,463.087,53.937,0.06545447,0,24.549,0,0,投机升温
seed-0010__sky_hold,4,457.8768,58.7268,-0.01125102,0.01125102,4.7898,0,0,资金退潮
seed-0010__sky_hold,5,491.5778,83.2278,0.07360277,0,24.501,0,0,投机升温
seed-0010__sky_hold,6,493.3914,88.0914,0.00368934,0,4.8636,0,0,谨慎观望
seed-0010__sky_hold,7,495.1178,92.9178,0.00349905,0,4.8264,0,0,商路繁荣
seed-0010__sky_hold,8,492.3036,97.6536,-0.0056839,0.0056839,4.7358,0,0,谨慎观望
seed-0010__sky_hold,9,492.789,102.339,0.00098598,0.00470353,4.6854,0,0,谨慎观望
seed-0010__sky_hold,10,528.035,126.435,0.07152351,0,24.096,0,0,投机升温
seed-0010__sky_hold,11,564.692,151.242,0.06942153,0,24.807,0,0,投机升温
seed-0010__sky_hold,12,604.551,604.551,0.07058538,0,25.659,0,0,商路繁荣
seed-0010__crystal_hold,0,399.9999998,0,,0,0,0,0,常态交易
seed-0010__crystal_hold,1,450.94516107,31.46129031,0.1273629,0,31.46129031,0,0,投机升温
seed-0010__crystal_hold,2,465.18967719,36.2864516,0.03158813,0,4.82516129,0,0,谨慎观望
seed-0010__crystal_hold,3,466.03508041,41.06733869,0.00181733,0,4.78088709,0,0,投机升温
seed-0010__crystal_hold,4,479.59798364,71.66249997,0.02910275,0,30.59516128,0,0,资金退潮
seed-0010__crystal_hold,5,490.64620944,76.323629,0.02303643,0,4.66112903,0,0,投机升温
seed-0010__crystal_hold,6,534.34298361,108.27846769,0.08905964,0,31.95483869,0,0,谨慎观望
seed-0010__crystal_hold,7,544.35556425,113.12975801,0.01873812,0,4.85129032,0,0,商路繁荣
seed-0010__crystal_hold,8,542.61741909,117.90774188,-0.00319303,0.00319303,4.77798387,0,0,谨慎观望
seed-0010__crystal_hold,9,611.36741906,152.33516122,0.12670069,0,34.42741934,0,0,谨慎观望
seed-0010__crystal_hold,10,609.68112873,157.42306444,-0.00275823,0.00275823,5.08790322,0,0,投机升温
seed-0010__crystal_hold,11,622.4023384,162.59588702,0.02086535,0,5.17282258,0,0,投机升温
seed-0010__crystal_hold,12,629.20620937,629.20620937,0.01093163,0,5.19096774,0,0,商路繁荣
seed-0011__cash_control,0,400,400,,0,0,0,0,常态交易
seed-0011__cash_control,1,400,400,0,0,0,0,0,投机升温
seed-0011__cash_control,2,400,400,0,0,0,0,0,谨慎观望
seed-0011__cash_control,3,400,400,0,0,0,0,0,谨慎观望
seed-0011__cash_control,4,400,400,0,0,0,0,0,商路繁荣
seed-0011__cash_control,5,400,400,0,0,0,0,0,投机升温
seed-0011__cash_control,6,400,400,0,0,0,0,0,商路繁荣
seed-0011__cash_control,7,400,400,0,0,0,0,0,商路繁荣
seed-0011__cash_control,8,400,400,0,0,0,0,0,谨慎观望
seed-0011__cash_control,9,400,400,0,0,0,0,0,资金退潮
seed-0011__cash_control,10,400,400,0,0,0,0,0,投机升温
seed-0011__cash_control,11,400,400,0,0,0,0,0,商路繁荣
seed-0011__cash_control,12,400,400,0,0,0,0,0,投机升温
seed-0011__moon_hold,0,400,0,,0,0,0,0,常态交易
seed-0011__moon_hold,1,438.83999994,14.84,0.0971,0,14.84,0,0,投机升温
seed-0011__moon_hold,2,455.99069761,29.75813953,0.03908189,0,14.91813953,0,0,谨慎观望
seed-0011__moon_hold,3,476.73372086,44.87325581,0.04549001,0,15.11511628,0,0,谨慎观望
seed-0011__moon_hold,4,504.84651155,60.42790697,0.05896959,0,15.55465116,0,0,商路繁荣
seed-0011__moon_hold,5,535.17999992,76.48232557,0.06008458,0,16.0544186,0,0,投机升温
seed-0011__moon_hold,6,558.26279061,92.77441859,0.04313089,0,16.29209302,0,0,商路繁荣
seed-0011__moon_hold,7,575.6139534,109.10232556,0.03108064,0,16.32790697,0,0,商路繁荣
seed-0011__moon_hold,8,587.75372084,125.28860463,0.02109012,0,16.18627907,0,0,谨慎观望
seed-0011__moon_hold,9,596.18953479,141.21279067,0.01435263,0,15.92418604,0,0,资金退潮
seed-0011__moon_hold,10,613.89488362,157.19720927,0.02969752,0,15.9844186,0,0,投机升温
seed-0011__moon_hold,11,639.94046501,173.52186043,0.04242678,0,16.32465116,0,0,商路繁荣
seed-0011__moon_hold,12,662.47511617,662.47511617,0.03521367,0,16.53465116,0,0,投机升温
seed-0011__sky_hold,0,400,0,,0,0,0,0,常态交易
seed-0011__sky_hold,1,435.289,24.639,0.0882225,0,24.639,0,0,投机升温
seed-0011__sky_hold,2,436.6242,29.5242,0.00306739,0,4.8852,0,0,谨慎观望
seed-0011__sky_hold,3,464.6542,54.1542,0.06419708,0,24.63,0,0,谨慎观望
seed-0011__sky_hold,4,497.7642,79.2642,0.07125729,0,25.11,0,0,商路繁荣
seed-0011__sky_hold,5,527.8032,104.6532,0.06034785,0,25.389,0,0,投机升温
seed-0011__sky_hold,6,569.6222,130.9722,0.07923218,0,26.319,0,0,商路繁荣
seed-0011__sky_hold,7,602.6722,157.6722,0.05802091,0,26.7,0,0,商路繁荣
seed-0011__sky_hold,8,609.3278,163.0278,0.01104348,0,5.3556,0,0,谨慎观望
seed-0011__sky_hold,9,602.2358,168.2358,-0.01163906,0.01163906,5.208,0,0,资金退潮
seed-0011__sky_hold,10,634.9008,194.6508,0.05423955,0,26.415,0,0,投机升温
seed-0011__sky_hold,11,669.5838,221.5338,0.05462743,0,26.883,0,0,商路繁荣
seed-0011__sky_hold,12,706.1658,706.1658,0.05463394,0,27.432,0,0,投机升温
seed-0011__crystal_hold,0,399.9999998,0,,0,0,0,0,常态交易
seed-0011__crystal_hold,1,406.06580625,4.51741935,0.01516452,0,4.51741935,0,0,投机升温
seed-0011__crystal_hold,2,454.49161267,35.91096772,0.11925606,0,31.39354837,0,0,谨慎观望
seed-0011__crystal_hold,3,458.02629009,40.60693546,0.00777721,0,4.69596774,0,0,谨慎观望
seed-0011__crystal_hold,4,435.92951591,68.18758061,-0.04824346,0.04824346,27.58064515,0,0,商路繁荣
seed-0011__crystal_hold,5,430.15048365,93.4408064,-0.0132568,0.06086071,25.25322579,0,0,投机升温
seed-0011__crystal_hold,6,474.33758041,120.01499994,0.10272474,0,26.57419354,0,0,商路繁荣
seed-0011__crystal_hold,7,476.10548363,123.97645155,0.0037271,0,3.96145161,0,0,商路繁荣
seed-0011__crystal_hold,8,475.04330621,127.88201606,-0.00223097,0.00223097,3.90556451,0,0,谨慎观望
seed-0011__crystal_hold,9,491.02395136,153.21749992,0.0336404,0,25.33548386,0,0,资金退潮
seed-0011__crystal_hold,10,527.87233844,179.35620958,0.07504397,0,26.13870966,0,0,投机升温
seed-0011__crystal_hold,11,565.17717713,206.2739515,0.07067019,0,26.91774192,0,0,商路繁荣
seed-0011__crystal_hold,12,567.77951584,567.77951584,0.00460447,0,4.02169355,0,0,投机升温
seed-0012__cash_control,0,400,400,,0,0,0,0,常态交易
seed-0012__cash_control,1,400,400,0,0,0,0,0,谨慎观望
seed-0012__cash_control,2,400,400,0,0,0,0,0,谨慎观望
seed-0012__cash_control,3,400,400,0,0,0,0,0,投机升温
seed-0012__cash_control,4,400,400,0,0,0,0,0,资金退潮
seed-0012__cash_control,5,400,400,0,0,0,0,0,商路繁荣
seed-0012__cash_control,6,400,400,0,0,0,0,0,资金退潮
seed-0012__cash_control,7,400,400,0,0,0,0,0,资金退潮
seed-0012__cash_control,8,400,400,0,0,0,0,0,投机升温
seed-0012__cash_control,9,400,400,0,0,0,0,0,投机升温
seed-0012__cash_control,10,400,400,0,0,0,0,0,谨慎观望
seed-0012__cash_control,11,400,400,0,0,0,0,0,投机升温
seed-0012__cash_control,12,400,400,0,0,0,0,0,商路繁荣
seed-0012__moon_hold,0,400,0,,0,0,0,0,常态交易
seed-0012__moon_hold,1,436.52930226,14.76186046,0.09132326,0,14.76186046,0,0,谨慎观望
seed-0012__moon_hold,2,472.90581388,30.25465116,0.0833312,0,15.4927907,0,0,谨慎观望
seed-0012__moon_hold,3,504.52534876,46.29279069,0.06686222,0,16.03813953,0,0,投机升温
seed-0012__moon_hold,4,525.9551162,62.5132558,0.04247511,0,16.22046511,0,0,资金退潮
seed-0012__moon_hold,5,551.32209294,79.04302324,0.04823031,0,16.52976744,0,0,商路繁荣
seed-0012__moon_hold,6,559.37930224,95.28627905,0.01461434,0,16.24325581,0,0,资金退潮
seed-0012__moon_hold,7,569.26813944,111.31465114,0.01767823,0,16.02837209,0,0,资金退潮
seed-0012__moon_hold,8,598.72744177,127.79720928,0.05174943,0,16.48255814,0,0,投机升温
seed-0012__moon_hold,9,625.55999991,144.62976742,0.04481598,0,16.83255814,0,0,投机升温
seed-0012__moon_hold,10,638.83023246,161.34186044,0.02121336,0,16.71209302,0,0,谨慎观望
seed-0012__moon_hold,11,659.58604642,178.19069765,0.03249034,0,16.84883721,0,0,投机升温
seed-0012__moon_hold,12,679.51581385,679.51581385,0.03021557,0,16.95302325,0,0,商路繁荣
seed-0012__sky_hold,0,400,0,,0,0,0,0,常态交易
seed-0012__sky_hold,1,398.0702,4.7202,-0.0048245,0.0048245,4.7202,0,0,谨慎观望
seed-0012__sky_hold,2,401.3736,9.4236,0.00829854,0,4.7034,0,0,谨慎观望
seed-0012__sky_hold,3,432.4696,33.3696,0.07747395,0,23.946,0,0,投机升温
seed-0012__sky_hold,4,425.8738,38.0238,-0.01525148,0.01525148,4.6542,0,0,资金退潮
seed-0012__sky_hold,5,452.3778,61.4778,0.0622344,0,23.454,0,0,商路繁荣
seed-0012__sky_hold,6,450.946,66.096,-0.00316505,0.00316505,4.6182,0,0,资金退潮
seed-0012__sky_hold,7,445.3936,70.5936,-0.01231278,0.01543887,4.4976,0,0,资金退潮
seed-0012__sky_hold,8,473.4466,93.3966,0.06298474,0,22.803,0,0,投机升温
seed-0012__sky_hold,9,516.9196,117.3696,0.09182239,0,23.973,0,0,投机升温
seed-0012__sky_hold,10,547.5176,141.7176,0.05919296,0,24.348,0,0,谨慎观望
seed-0012__sky_hold,11,585.1686,166.8186,0.06876674,0,25.101,0,0,投机升温
seed-0012__sky_hold,12,621.2406,621.2406,0.06164377,0,25.722,0,0,商路繁荣
seed-0012__crystal_hold,0,399.9999998,0,,0,0,0,0,常态交易
seed-0012__crystal_hold,1,412.72048366,4.59145161,0.03180121,0,4.59145161,0,0,谨慎观望
seed-0012__crystal_hold,2,418.68201592,9.19814516,0.01444448,0,4.60669355,0,0,谨慎观望
seed-0012__crystal_hold,3,467.07879009,41.14330643,0.11559315,0,31.94516127,0,0,投机升温
seed-0012__crystal_hold,4,482.93362879,71.96588706,0.03394468,0,30.82258063,0,0,资金退潮
seed-0012__crystal_hold,5,496.49516104,76.68870964,0.02808157,0,4.72282258,0,0,商路繁荣
seed-0012__crystal_hold,6,495.93870944,105.93870963,-0.00112076,0.00112076,29.24999999,0,0,资金退潮
seed-0012__crystal_hold,7,501.23959653,110.33637092,0.01068859,0,4.39766129,0,0,资金退潮
seed-0012__crystal_hold,8,564.95733844,142.05411284,0.12712033,0,31.71774192,0,0,投机升温
seed-0012__crystal_hold,9,567.75774166,146.78999993,0.00495684,0,4.73588709,0,0,投机升温
seed-0012__crystal_hold,10,584.21096745,177.30774185,0.02897931,0,30.51774192,0,0,谨慎观望
seed-0012__crystal_hold,11,630.47225776,208.92387087,0.07918593,0,31.61612902,0,0,投机升温
seed-0012__crystal_hold,12,674.5029029,674.5029029,0.06983756,0,32.48225805,0,0,商路繁荣
seed-0013__cash_control,0,400,400,,0,0,0,0,常态交易
seed-0013__cash_control,1,400,400,0,0,0,0,0,投机升温
seed-0013__cash_control,2,400,400,0,0,0,0,0,投机升温
seed-0013__cash_control,3,400,400,0,0,0,0,0,商路繁荣
seed-0013__cash_control,4,400,400,0,0,0,0,0,投机升温
seed-0013__cash_control,5,400,400,0,0,0,0,0,资金退潮
seed-0013__cash_control,6,400,400,0,0,0,0,0,资金退潮
seed-0013__cash_control,7,400,400,0,0,0,0,0,商路繁荣
seed-0013__cash_control,8,400,400,0,0,0,0,0,投机升温
seed-0013__cash_control,9,400,400,0,0,0,0,0,商路繁荣
seed-0013__cash_control,10,400,400,0,0,0,0,0,谨慎观望
seed-0013__cash_control,11,400,400,0,0,0,0,0,商路繁荣
seed-0013__cash_control,12,400,400,0,0,0,0,0,资金退潮
seed-0013__moon_hold,0,400,0,,0,0,0,0,常态交易
seed-0013__moon_hold,1,434.89255808,14.70651163,0.0872314,0,14.70651163,0,0,投机升温
seed-0013__moon_hold,2,464.71488366,29.92418605,0.06857401,0,15.21767442,0,0,投机升温
seed-0013__moon_hold,3,491.53418598,45.53418605,0.0577113,0,15.61,0,0,商路繁荣
seed-0013__moon_hold,4,518.89023249,61.54139535,0.05565441,0,16.0072093,0,0,投机升温
seed-0013__moon_hold,5,533.45325574,77.49976744,0.02806571,0,15.95837209,0,0,资金退潮
seed-0013__moon_hold,6,542.38325574,93.22046511,0.01673999,0,15.72069767,0,0,资金退潮
seed-0013__moon_hold,7,565.03604644,109.17558139,0.04176528,0,15.95511628,0,0,商路繁荣
seed-0013__moon_hold,8,585.70883713,125.29023255,0.03658668,0,16.11465116,0,0,投机升温
seed-0013__moon_hold,9,610.05534875,141.6832558,0.0415676,0,16.39302325,0,0,商路繁荣
seed-0013__moon_hold,10,618.12023248,157.79465115,0.01321992,0,16.11139535,0,0,谨慎观望
seed-0013__moon_hold,11,634.08720922,173.90116278,0.02583151,0,16.10651163,0,0,商路繁荣
seed-0013__moon_hold,12,643.35790689,643.35790689,0.01462054,0,15.87534883,0,0,资金退潮
seed-0013__sky_hold,0,400,0,,0,0,0,0,常态交易
seed-0013__sky_hold,1,451.242,25.542,0.128105,0,25.542,0,0,投机升温
seed-0013__sky_hold,2,497.136,52.236,0.10170596,0,26.694,0,0,投机升温
seed-0013__sky_hold,3,533.423,79.473,0.0729921,0,27.237,0,0,商路繁荣
seed-0013__sky_hold,4,537.7066,84.9066,0.0080304,0,5.4336,0,0,投机升温
seed-0013__sky_hold,5,523.7098,90.1098,-0.02603055,0.02603055,5.2032,0,0,资金退潮
seed-0013__sky_hold,6,501.4878,94.9878,-0.0424319,0.06735792,4.878,0,0,资金退潮
seed-0013__sky_hold,7,498.8264,99.7764,-0.00530701,0.07230746,4.7886,0,0,商路繁荣
seed-0013__sky_hold,8,531.7794,124.2294,0.06606106,0.01102311,24.453,0,0,投机升温
seed-0013__sky_hold,9,529.333,129.033,-0.0046004,0.0155728,4.8036,0,0,商路繁荣
seed-0013__sky_hold,10,523.1058,133.7058,-0.01176424,0.02715384,4.6728,0,0,谨慎观望
seed-0013__sky_hold,11,555.0558,157.5558,0.06107751,0,23.85,0,0,商路繁荣
seed-0013__sky_hold,12,590.0888,590.0888,0.06311618,0,24.483,0,0,资金退潮
seed-0013__crystal_hold,0,399.9999998,0,,0,0,0,0,常态交易
seed-0013__crystal_hold,1,453.09516107,31.61129031,0.1327379,0,31.61129031,0,0,投机升温
seed-0013__crystal_hold,2,450.79072559,36.27459676,-0.00508599,0.00508599,4.66330645,0,0,投机升温
seed-0013__crystal_hold,3,518.84556426,69.94233868,0.1509677,0,33.66774192,0,0,商路繁荣
seed-0013__crystal_hold,4,567.35524166,104.64556447,0.09349541,0,34.70322579,0,0,投机升温
seed-0013__crystal_hold,5,572.51330617,137.28749994,0.00909142,0,32.64193547,0,0,资金退潮
seed-0013__crystal_hold,6,569.50685456,167.44233863,-0.00525132,0.00525132,30.15483869,0,0,资金退潮
seed-0013__crystal_hold,7,583.16395133,172.06717734,0.02398057,0,4.62483871,0,0,商路繁荣
seed-0013__crystal_hold,8,646.10749969,205.13975797,0.10793457,0,33.07258063,0,0,投机升温
seed-0013__crystal_hold,9,693.6752416,239.22362892,0.07362202,0,34.08387095,0,0,商路繁荣
seed-0013__crystal_hold,10,701.39749966,244.36524182,0.01113238,0,5.1416129,0,0,谨慎观望
seed-0013__crystal_hold,11,786.4426609,282.18459664,0.12125102,0,37.81935482,0,0,商路繁荣
seed-0013__crystal_hold,12,767.46040285,767.46040285,-0.02413686,0.02413686,33.8564516,0,0,资金退潮
seed-0014__cash_control,0,400,400,,0,0,0,0,常态交易
seed-0014__cash_control,1,400,400,0,0,0,0,0,谨慎观望
seed-0014__cash_control,2,400,400,0,0,0,0,0,谨慎观望
seed-0014__cash_control,3,400,400,0,0,0,0,0,资金退潮
seed-0014__cash_control,4,400,400,0,0,0,0,0,投机升温
seed-0014__cash_control,5,400,400,0,0,0,0,0,谨慎观望
seed-0014__cash_control,6,400,400,0,0,0,0,0,投机升温
seed-0014__cash_control,7,400,400,0,0,0,0,0,资金退潮
seed-0014__cash_control,8,400,400,0,0,0,0,0,资金退潮
seed-0014__cash_control,9,400,400,0,0,0,0,0,谨慎观望
seed-0014__cash_control,10,400,400,0,0,0,0,0,商路繁荣
seed-0014__cash_control,11,400,400,0,0,0,0,0,投机升温
seed-0014__cash_control,12,400,400,0,0,0,0,0,谨慎观望
seed-0014__moon_hold,0,400,0,,0,0,0,0,常态交易
seed-0014__moon_hold,1,433.6890697,14.66581395,0.08422267,0,14.66581395,0,0,谨慎观望
seed-0014__moon_hold,2,463.42255806,29.84116278,0.06855946,0,15.17534883,0,0,谨慎观望
seed-0014__moon_hold,3,486.54093016,45.28511627,0.04988616,0,15.44395349,0,0,资金退潮
seed-0014__moon_hold,4,518.73744178,61.29558138,0.06617431,0,16.01046511,0,0,投机升温
seed-0014__moon_hold,5,551.01906968,77.85627905,0.06223115,0,16.56069767,0,0,谨慎观望
seed-0014__moon_hold,6,570.66069758,94.52116277,0.035646,0,16.66488372,0,0,投机升温
seed-0014__moon_hold,7,577.16813945,110.84255812,0.01140335,0,16.32139535,0,0,资金退潮
seed-0014__moon_hold,8,596.08906967,127.25186044,0.03278235,0,16.40930232,0,0,资金退潮
seed-0014__moon_hold,9,614.37581386,143.72465114,0.03067787,0,16.4727907,0,0,谨慎观望
seed-0014__moon_hold,10,635.08488363,160.34069765,0.0337075,0,16.61604651,0,0,商路繁荣
seed-0014__moon_hold,11,659.74023245,177.22860462,0.03882213,0,16.88790697,0,0,投机升温
seed-0014__moon_hold,12,678.50558129,678.50558129,0.02844354,0,16.95139535,0,0,谨慎观望
seed-0014__sky_hold,0,400,0,,0,0,0,0,常态交易
seed-0014__sky_hold,1,401.8652,4.7652,0.004663,0,4.7652,0,0,谨慎观望
seed-0014__sky_hold,2,385.429,9.279,-0.04089978,0.04089978,4.5138,0,0,谨慎观望
seed-0014__sky_hold,3,368.8426,13.5426,-0.04303361,0.08217333,4.2636,0,0,资金退潮
seed-0014__sky_hold,4,358.0274,17.6274,-0.02932199,0.10908583,4.0848,0,0,投机升温
seed-0014__sky_hold,5,358.2666,21.6666,0.00066811,0.10849061,4.0392,0,0,谨慎观望
seed-0014__sky_hold,6,387.8436,42.3936,0.08255584,0.0348913,20.727,0,0,投机升温
seed-0014__sky_hold,7,412.0686,63.3186,0.06246074,0,20.925,0,0,资金退潮
seed-0014__sky_hold,8,435.6436,84.3936,0.05721135,0,21.075,0,0,资金退潮
seed-0014__sky_hold,9,463.6616,105.8616,0.06431404,0,21.468,0,0,谨慎观望
seed-0014__sky_hold,10,494.9346,127.8846,0.0674479,0,22.023,0,0,商路繁荣
seed-0014__sky_hold,11,520.7736,150.1236,0.0522069,0,22.239,0,0,投机升温
seed-0014__sky_hold,12,523.9564,523.9564,0.00611168,0,4.4328,0,0,谨慎观望
seed-0014__crystal_hold,0,399.9999998,0,,0,0,0,0,常态交易
seed-0014__crystal_hold,1,408.61024173,4.5457258,0.0215256,0,4.5457258,0,0,谨慎观望
seed-0014__crystal_hold,2,460.34572557,36.34572578,0.12661328,0,31.79999998,0,0,谨慎观望
seed-0014__crystal_hold,3,436.24572558,64.24572577,-0.05235196,0.05235196,27.89999999,0,0,资金退潮
seed-0014__crystal_hold,4,492.44249975,94.1199193,0.12881908,0,29.87419353,0,0,投机升温
seed-0014__crystal_hold,5,509.69411264,123.11346767,0.03503275,0,28.99354837,0,0,谨慎观望
seed-0014__crystal_hold,6,561.50540294,153.69895153,0.10165173,0,30.58548386,0,0,投机升温
seed-0014__crystal_hold,7,573.66129003,158.37096766,0.02164874,0,4.67201613,0,0,资金退潮
seed-0014__crystal_hold,8,578.92048357,163.04951604,0.00916777,0,4.67854838,0,0,资金退潮
seed-0014__crystal_hold,9,583.33806422,167.7251612,0.00763072,0,4.67564516,0,0,谨慎观望
seed-0014__crystal_hold,10,593.16782228,172.45814507,0.01685088,0,4.73298387,0,0,商路繁荣
seed-0014__crystal_hold,11,643.03072547,205.28879021,0.08406205,0,32.83064514,0,0,投机升温
seed-0014__crystal_hold,12,647.75959644,647.75959644,0.00735404,0,4.92241935,0,0,谨慎观望
seed-0015__cash_control,0,400,400,,0,0,0,0,常态交易
seed-0015__cash_control,1,400,400,0,0,0,0,0,商路繁荣
seed-0015__cash_control,2,400,400,0,0,0,0,0,谨慎观望
seed-0015__cash_control,3,400,400,0,0,0,0,0,投机升温
seed-0015__cash_control,4,400,400,0,0,0,0,0,投机升温
seed-0015__cash_control,5,400,400,0,0,0,0,0,商路繁荣
seed-0015__cash_control,6,400,400,0,0,0,0,0,资金退潮
seed-0015__cash_control,7,400,400,0,0,0,0,0,资金退潮
seed-0015__cash_control,8,400,400,0,0,0,0,0,资金退潮
seed-0015__cash_control,9,400,400,0,0,0,0,0,商路繁荣
seed-0015__cash_control,10,400,400,0,0,0,0,0,投机升温
seed-0015__cash_control,11,400,400,0,0,0,0,0,商路繁荣
seed-0015__cash_control,12,400,400,0,0,0,0,0,投机升温
seed-0015__moon_hold,0,400,0,,0,0,0,0,常态交易
seed-0015__moon_hold,1,438.02162784,14.81232558,0.09505407,0,14.81232558,0,0,商路繁荣
seed-0015__moon_hold,2,458.22558133,29.80697674,0.04612547,0,14.99465116,0,0,谨慎观望
seed-0015__moon_hold,3,487.46953482,45.28348837,0.06381999,0,15.47651163,0,0,投机升温
seed-0015__moon_hold,4,519.4579069,61.31837209,0.06562127,0,16.03488372,0,0,投机升温
seed-0015__moon_hold,5,548.00906969,77.77651162,0.05496338,0,16.45813953,0,0,商路繁荣
seed-0015__moon_hold,6,560.18279062,94.08976743,0.02221445,0,16.31325581,0,0,资金退潮
seed-0015__moon_hold,7,571.77837201,110.24348836,0.02069964,0,16.15372093,0,0,资金退潮
seed-0015__moon_hold,8,587.45069759,126.38093022,0.02740979,0,16.13744186,0,0,资金退潮
seed-0015__moon_hold,9,612.87906968,142.83255812,0.04328597,0,16.4516279,0,0,商路繁荣
seed-0015__moon_hold,10,634.52976735,159.45999998,0.03532621,0,16.62744186,0,0,投机升温
seed-0015__moon_hold,11,653.75674409,176.17534881,0.03030114,0,16.71534883,0,0,商路繁荣
seed-0015__moon_hold,12,673.55302315,673.55302315,0.0302808,0,16.81953488,0,0,投机升温
seed-0015__sky_hold,0,400,0,,0,0,0,0,常态交易
seed-0015__sky_hold,1,443.61,25.11,0.109025,0,25.11,0,0,商路繁荣
seed-0015__sky_hold,2,478.525,50.775,0.07870652,0,25.665,0,0,谨慎观望
seed-0015__sky_hold,3,519.507,77.307,0.08564234,0,26.532,0,0,投机升温
seed-0015__sky_hold,4,566.444,104.994,0.09034912,0,27.687,0,0,投机升温
seed-0015__sky_hold,5,607.169,133.419,0.0718959,0,28.425,0,0,商路繁荣
seed-0015__sky_hold,6,593.0694,138.8694,-0.02322187,0.02322187,5.4504,0,0,资金退潮
seed-0015__sky_hold,7,565.7816,143.9316,-0.04601114,0.06816455,5.0622,0,0,资金退潮
seed-0015__sky_hold,8,542.0524,148.6524,-0.04194057,0.10724625,4.7208,0,0,资金退潮
seed-0015__sky_hold,9,537.817,153.267,-0.00781364,0.11422191,4.6146,0,0,商路繁荣
seed-0015__sky_hold,10,564.176,176.526,0.04901109,0.07080895,23.259,0,0,投机升温
seed-0015__sky_hold,11,591.728,200.028,0.04883582,0.02543114,23.502,0,0,商路繁荣
seed-0015__sky_hold,12,627.526,627.526,0.06049739,0,24.198,0,0,投机升温
seed-0015__crystal_hold,0,399.9999998,0,,0,0,0,0,常态交易
seed-0015__crystal_hold,1,410.5674998,4.5675,0.02641875,0,4.5675,0,0,商路繁荣
seed-0015__crystal_hold,2,422.44209656,9.21629032,0.0289224,0,4.64879032,0,0,谨慎观望
seed-0015__crystal_hold,3,468.90016106,41.28725805,0.10997499,0,32.07096773,0,0,投机升温
seed-0015__crystal_hold,4,531.55661264,75.49209674,0.13362429,0,34.20483869,0,0,投机升温
seed-0015__crystal_hold,5,536.49161263,80.62064512,0.00928405,0,5.12854838,0,0,商路繁荣
seed-0015__crystal_hold,6,539.74967715,112.65290317,0.00607291,0,32.03225805,0,0,资金退潮
seed-0015__crystal_hold,7,588.77387068,145.87064509,0.09082765,0,33.21774192,0,0,资金退潮
seed-0015__crystal_hold,8,554.5787094,174.3851612,-0.0580786,0.0580786,28.51451611,0,0,资金退潮
seed-0015__crystal_hold,9,607.08999969,204.57387086,0.09468681,0,30.18870966,0,0,商路繁荣
seed-0015__crystal_hold,10,614.25290291,233.15612891,0.01179875,0,28.58225805,0,0,投机升温
seed-0015__crystal_hold,11,658.43999967,262.82709664,0.07193633,0,29.67096773,0,0,商路繁荣
seed-0015__crystal_hold,12,715.64483835,715.64483835,0.08687935,0,31.59193547,0,0,投机升温
seed-0016__cash_control,0,400,400,,0,0,0,0,常态交易
seed-0016__cash_control,1,400,400,0,0,0,0,0,投机升温
seed-0016__cash_control,2,400,400,0,0,0,0,0,谨慎观望
seed-0016__cash_control,3,400,400,0,0,0,0,0,商路繁荣
seed-0016__cash_control,4,400,400,0,0,0,0,0,资金退潮
seed-0016__cash_control,5,400,400,0,0,0,0,0,商路繁荣
seed-0016__cash_control,6,400,400,0,0,0,0,0,投机升温
seed-0016__cash_control,7,400,400,0,0,0,0,0,资金退潮
seed-0016__cash_control,8,400,400,0,0,0,0,0,投机升温
seed-0016__cash_control,9,400,400,0,0,0,0,0,商路繁荣
seed-0016__cash_control,10,400,400,0,0,0,0,0,投机升温
seed-0016__cash_control,11,400,400,0,0,0,0,0,投机升温
seed-0016__cash_control,12,400,400,0,0,0,0,0,谨慎观望
seed-0016__moon_hold,0,400,0,,0,0,0,0,常态交易
seed-0016__moon_hold,1,438.83999994,14.84,0.0971,0,14.84,0,0,投机升温
seed-0016__moon_hold,2,466.196279,30.10325581,0.06233771,0,15.26325581,0,0,谨慎观望
seed-0016__moon_hold,3,499.656279,45.98186046,0.07177234,0,15.87860465,0,0,商路繁荣
seed-0016__moon_hold,4,504.17395341,61.47627906,0.00904156,0,15.4944186,0,0,资金退潮
seed-0016__moon_hold,5,528.28534876,77.26209301,0.04782356,0,15.78581395,0,0,商路繁荣
seed-0016__moon_hold,6,550.23302317,93.25627905,0.04154511,0,15.99418604,0,0,投机升温
seed-0016__moon_hold,7,558.33232549,108.98348835,0.01471977,0,15.7272093,0,0,资金退潮
seed-0016__moon_hold,8,583.8799999,125.04279067,0.04575711,0,16.05930232,0,0,投机升温
seed-0016__moon_hold,9,601.47976735,141.15418602,0.03014278,0,16.11139535,0,0,商路繁荣
seed-0016__moon_hold,10,622.64581386,157.4365116,0.03518996,0,16.28232558,0,0,投机升温
seed-0016__moon_hold,11,637.48395339,173.66999997,0.02383079,0,16.23348837,0,0,投机升温
seed-0016__moon_hold,12,649.57744176,649.57744176,0.01897066,0,16.09348837,0,0,谨慎观望
seed-0016__sky_hold,0,400,0,,0,0,0,0,常态交易
seed-0016__sky_hold,1,428.399,24.249,0.0709975,0,24.249,0,0,投机升温
seed-0016__sky_hold,2,458.372,48.822,0.06996515,0,24.573,0,0,谨慎观望
seed-0016__sky_hold,3,486.178,73.578,0.06066252,0,24.756,0,0,商路繁荣
seed-0016__sky_hold,4,488.498,78.498,0.00477191,0,4.92,0,0,资金退潮
seed-0016__sky_hold,5,531.86,104.16,0.08876597,0,25.662,0,0,商路繁荣
seed-0016__sky_hold,6,577.026,130.926,0.08492084,0,26.766,0,0,投机升温
seed-0016__sky_hold,7,613.067,158.217,0.06245992,0,27.291,0,0,资金退潮
seed-0016__sky_hold,8,663.731,186.831,0.08264023,0,28.614,0,0,投机升温
seed-0016__sky_hold,9,695.896,215.646,0.0484609,0,28.815,0,0,商路繁荣
seed-0016__sky_hold,10,738.173,245.223,0.06075189,0,29.577,0,0,投机升温
seed-0016__sky_hold,11,781.954,275.604,0.05930994,0,30.381,0,0,投机升温
seed-0016__sky_hold,12,778.3656,778.3656,-0.00458902,0.00458902,5.9616,0,0,谨慎观望
seed-0016__crystal_hold,0,399.9999998,0,,0,0,0,0,常态交易
seed-0016__crystal_hold,1,442.48387075,30.87096773,0.10620968,0,30.87096773,0,0,投机升温
seed-0016__crystal_hold,2,444.29516107,59.7145161,0.00409346,0,28.84354837,0,0,谨慎观望
seed-0016__crystal_hold,3,456.1245159,64.1245161,0.02662499,0,4.41,0,0,商路繁荣
seed-0016__crystal_hold,4,466.21056429,68.59766126,0.02211249,0,4.47314516,0,0,资金退潮
seed-0016__crystal_hold,5,478.25177396,73.15499997,0.02582784,0,4.55733871,0,0,商路繁荣
seed-0016__crystal_hold,6,543.31145135,105.95661286,0.13603646,0,32.80161289,0,0,投机升温
seed-0016__crystal_hold,7,557.04048361,137.42758059,0.02526918,0,31.47096773,0,0,资金退潮
seed-0016__crystal_hold,8,558.30330619,142.10975801,0.00226702,0,4.68217742,0,0,投机升温
seed-0016__crystal_hold,9,661.09201582,178.31782251,0.18410908,0,36.2080645,0,0,商路繁荣
seed-0016__crystal_hold,10,657.3241126,183.64669348,-0.00569951,0.00569951,5.32887097,0,0,投机升温
seed-0016__crystal_hold,11,720.66120934,221.11282249,0.09635596,0,37.46612901,0,0,投机升温
seed-0016__crystal_hold,12,735.58701578,735.58701578,0.02071127,0,35.89354837,0,0,谨慎观望
seed-0017__cash_control,0,400,400,,0,0,0,0,常态交易
seed-0017__cash_control,1,400,400,0,0,0,0,0,投机升温
seed-0017__cash_control,2,400,400,0,0,0,0,0,商路繁荣
seed-0017__cash_control,3,400,400,0,0,0,0,0,资金退潮
seed-0017__cash_control,4,400,400,0,0,0,0,0,资金退潮
seed-0017__cash_control,5,400,400,0,0,0,0,0,谨慎观望
seed-0017__cash_control,6,400,400,0,0,0,0,0,谨慎观望
seed-0017__cash_control,7,400,400,0,0,0,0,0,投机升温
seed-0017__cash_control,8,400,400,0,0,0,0,0,资金退潮
seed-0017__cash_control,9,400,400,0,0,0,0,0,资金退潮
seed-0017__cash_control,10,400,400,0,0,0,0,0,投机升温
seed-0017__cash_control,11,400,400,0,0,0,0,0,谨慎观望
seed-0017__cash_control,12,400,400,0,0,0,0,0,商路繁荣
seed-0017__moon_hold,0,400,0,,0,0,0,0,常态交易
seed-0017__moon_hold,1,438.83999994,14.84,0.0971,0,14.84,0,0,投机升温
seed-0017__moon_hold,2,476.06488365,30.43697674,0.08482564,0,15.59697674,0,0,商路繁荣
seed-0017__moon_hold,3,492.43209295,46.05999999,0.03438021,0,15.62302325,0,0,资金退潮
seed-0017__moon_hold,4,504.54093015,61.56418603,0.02458986,0,15.50418604,0,0,资金退潮
seed-0017__moon_hold,5,530.87651154,77.43465114,0.05219712,0,15.87046511,0,0,谨慎观望
seed-0017__moon_hold,6,545.63976735,93.26767439,0.02780921,0,15.83302325,0,0,谨慎观望
seed-0017__moon_hold,7,574.42232548,109.53860462,0.05275011,0,16.27093023,0,0,投机升温
seed-0017__moon_hold,8,587.85302315,125.71348834,0.02338123,0,16.17488372,0,0,资金退潮
seed-0017__moon_hold,9,602.10232548,141.82325578,0.02423957,0,16.10976744,0,0,资金退潮
seed-0017__moon_hold,10,626.97348827,158.22930229,0.0413072,0,16.40604651,0,0,投机升温
seed-0017__moon_hold,11,641.40581384,174.56860461,0.02301904,0,16.33930232,0,0,谨慎观望
seed-0017__moon_hold,12,661.35558128,661.35558128,0.03110319,0,16.46139535,0,0,商路繁荣
seed-0017__sky_hold,0,400,0,,0,0,0,0,常态交易
seed-0017__sky_hold,1,434.017,24.567,0.0850425,0,24.567,0,0,投机升温
seed-0017__sky_hold,2,465.315,49.515,0.07211238,0,24.948,0,0,商路繁荣
seed-0017__sky_hold,3,470.254,54.504,0.01061432,0,4.989,0,0,资金退潮
seed-0017__sky_hold,4,462.0364,59.3364,-0.01747481,0.01747481,4.8324,0,0,资金退潮
seed-0017__sky_hold,5,458.7728,64.0728,-0.00706351,0.02441489,4.7364,0,0,谨慎观望
seed-0017__sky_hold,6,451.2134,68.6634,-0.01647744,0.04049003,4.5906,0,0,谨慎观望
seed-0017__sky_hold,7,456.1076,73.2576,0.01084675,0.03008247,4.5942,0,0,投机升温
seed-0017__sky_hold,8,451.3408,77.7408,-0.01045104,0.04021912,4.4832,0,0,资金退潮
seed-0017__sky_hold,9,477.9438,100.3938,0.05894216,0,22.653,0,0,资金退潮
seed-0017__sky_hold,10,515.1188,123.8688,0.07778111,0,23.475,0,0,投机升温
seed-0017__sky_hold,11,547.3918,147.8418,0.06265157,0,23.973,0,0,谨慎观望
seed-0017__sky_hold,12,575.3398,575.3398,0.05105667,0,24.198,0,0,商路繁荣
seed-0017__crystal_hold,0,399.9999998,0,,0,0,0,0,常态交易
seed-0017__crystal_hold,1,440.74999977,30.74999998,0.101875,0,30.74999998,0,0,投机升温
seed-0017__crystal_hold,2,454.6268546,35.46556449,0.03148464,0,4.71556451,0,0,商路繁荣
seed-0017__crystal_hold,3,460.95749977,65.15104835,0.01392493,0,29.68548386,0,0,资金退潮
seed-0017__crystal_hold,4,468.2809675,69.63580641,0.01588751,0,4.48475806,0,0,资金退潮
seed-0017__crystal_hold,5,479.42040298,74.19459673,0.02378793,0,4.55879032,0,0,谨慎观望
seed-0017__crystal_hold,6,491.35153201,78.83540318,0.02488657,0,4.64080645,0,0,谨慎观望
seed-0017__crystal_hold,7,535.60637069,110.7031451,0.09006757,0,31.86774192,0,0,投机升温
seed-0017__crystal_hold,8,540.64749972,115.48620961,0.009412,0,4.78306451,0,0,资金退潮
seed-0017__crystal_hold,9,544.12572552,120.25475799,0.00643344,0,4.76854838,0,0,资金退潮
seed-0017__crystal_hold,10,587.98379002,152.88701604,0.08060281,0,32.63225805,0,0,投机升温
seed-0017__crystal_hold,11,596.8273384,183.85959667,0.01504046,0,30.97258063,0,0,谨慎观望
seed-0017__crystal_hold,12,605.64870937,605.64870937,0.01478044,0,4.69233871,0,0,商路繁荣
seed-0018__cash_control,0,400,400,,0,0,0,0,常态交易
seed-0018__cash_control,1,400,400,0,0,0,0,0,谨慎观望
seed-0018__cash_control,2,400,400,0,0,0,0,0,商路繁荣
seed-0018__cash_control,3,400,400,0,0,0,0,0,投机升温
seed-0018__cash_control,4,400,400,0,0,0,0,0,投机升温
seed-0018__cash_control,5,400,400,0,0,0,0,0,商路繁荣
seed-0018__cash_control,6,400,400,0,0,0,0,0,资金退潮
seed-0018__cash_control,7,400,400,0,0,0,0,0,谨慎观望
seed-0018__cash_control,8,400,400,0,0,0,0,0,投机升温
seed-0018__cash_control,9,400,400,0,0,0,0,0,资金退潮
seed-0018__cash_control,10,400,400,0,0,0,0,0,投机升温
seed-0018__cash_control,11,400,400,0,0,0,0,0,资金退潮
seed-0018__cash_control,12,400,400,0,0,0,0,0,商路繁荣
seed-0018__moon_hold,0,400,0,,0,0,0,0,常态交易
seed-0018__moon_hold,1,435.85534878,14.73906977,0.08963837,0,14.73906977,0,0,谨慎观望
seed-0018__moon_hold,2,467.49139528,30.04953488,0.07258382,0,15.31046511,0,0,商路繁荣
seed-0018__moon_hold,3,497.48441853,45.85651162,0.06415738,0,15.80697674,0,0,投机升温
seed-0018__moon_hold,4,525.13372085,62.06395348,0.05557823,0,16.20744186,0,0,投机升温
seed-0018__moon_hold,5,549.66930224,78.55302324,0.04672254,0,16.48906976,0,0,商路繁荣
seed-0018__moon_hold,6,560.57418596,94.8532558,0.01983899,0,16.30023256,0,0,资金退潮
seed-0018__moon_hold,7,577.06697665,111.15999998,0.02942125,0,16.30674418,0,0,谨慎观望
seed-0018__moon_hold,8,599.10232548,127.66046509,0.03818508,0,16.50046511,0,0,投机升温
seed-0018__moon_hold,9,611.12581385,144.00953485,0.02006917,0,16.34906976,0,0,资金退潮
seed-0018__moon_hold,10,634.26255803,160.5881395,0.03785922,0,16.57860465,0,0,投机升温
seed-0018__moon_hold,11,644.91999989,176.96651159,0.01680289,0,16.37837209,0,0,资金退潮
seed-0018__moon_hold,12,660.7688371,660.7688371,0.02457489,0,16.36046511,0,0,商路繁荣
seed-0018__sky_hold,0,400,0,,0,0,0,0,常态交易
seed-0018__sky_hold,1,403.7374,4.7874,0.0093435,0,4.7874,0,0,谨慎观望
seed-0018__sky_hold,2,438.5394,29.3394,0.08619959,0,24.552,0,0,商路繁荣
seed-0018__sky_hold,3,472.9494,54.4494,0.07846501,0,25.11,0,0,投机升温
seed-0018__sky_hold,4,468.1044,59.3544,-0.01024422,0.01024422,4.905,0,0,投机升温
seed-0018__sky_hold,5,465.217,64.167,-0.00616828,0.01634932,4.8126,0,0,商路繁荣
seed-0018__sky_hold,6,445.8428,68.6928,-0.04164551,0.05731395,4.5258,0,0,资金退潮
seed-0018__sky_hold,7,437.162,73.062,-0.01947054,0.07566856,4.3692,0,0,谨慎观望
seed-0018__sky_hold,8,441.3794,77.4294,0.00964722,0.06675133,4.3674,0,0,投机升温
seed-0018__sky_hold,9,433.9064,81.6564,-0.01693101,0.08255217,4.227,0,0,资金退潮
seed-0018__sky_hold,10,438.0828,85.8828,0.00962512,0.07372163,4.2264,0,0,投机升温
seed-0018__sky_hold,11,473.2598,107.8098,0.08029761,0,21.927,0,0,资金退潮
seed-0018__sky_hold,12,520.2558,520.2558,0.09930275,0,23.346,0,0,商路繁荣
seed-0018__crystal_hold,0,399.9999998,0,,0,0,0,0,常态交易
seed-0018__crystal_hold,1,450.25161268,31.41290321,0.12562903,0,31.41290321,0,0,谨慎观望
seed-0018__crystal_hold,2,495.46612879,63.78870965,0.10042055,0,32.37580644,0,0,商路繁荣
seed-0018__crystal_hold,3,503.84556427,68.68427416,0.01691223,0,4.89556451,0,0,投机升温
seed-0018__crystal_hold,4,513.04709652,73.6277419,0.0182626,0,4.94346774,0,0,投机升温
seed-0018__crystal_hold,5,510.90999974,104.1358064,-0.0041655,0.0041655,30.5080645,0,0,商路繁荣
seed-0018__crystal_hold,6,510.07112878,108.65177414,-0.00164192,0.00580057,4.51596774,0,0,资金退潮
seed-0018__crystal_hold,7,507.86717717,113.09298382,-0.00432087,0.01009638,4.44120968,0,0,谨慎观望
seed-0018__crystal_hold,8,605.37362873,147.43814509,0.19199203,0,34.34516127,0,0,投机升温
seed-0018__crystal_hold,9,600.81072551,179.06879024,-0.00753733,0.00753733,31.63064515,0,0,资金退潮
seed-0018__crystal_hold,10,648.04620936,211.78814506,0.07861957,0,32.71935482,0,0,投机升温
seed-0018__crystal_hold,11,662.17846742,243.21072569,0.02180749,0,31.42258063,0,0,资金退潮
seed-0018__crystal_hold,12,710.45427384,710.45427384,0.07290452,0,32.59838708,0,0,商路繁荣
seed-0019__cash_control,0,400,400,,0,0,0,0,常态交易
seed-0019__cash_control,1,400,400,0,0,0,0,0,商路繁荣
seed-0019__cash_control,2,400,400,0,0,0,0,0,投机升温
seed-0019__cash_control,3,400,400,0,0,0,0,0,投机升温
seed-0019__cash_control,4,400,400,0,0,0,0,0,商路繁荣
seed-0019__cash_control,5,400,400,0,0,0,0,0,资金退潮
seed-0019__cash_control,6,400,400,0,0,0,0,0,资金退潮
seed-0019__cash_control,7,400,400,0,0,0,0,0,商路繁荣
seed-0019__cash_control,8,400,400,0,0,0,0,0,投机升温
seed-0019__cash_control,9,400,400,0,0,0,0,0,商路繁荣
seed-0019__cash_control,10,400,400,0,0,0,0,0,资金退潮
seed-0019__cash_control,11,400,400,0,0,0,0,0,资金退潮
seed-0019__cash_control,12,400,400,0,0,0,0,0,商路繁荣
seed-0019__moon_hold,0,400,0,,0,0,0,0,常态交易
seed-0019__moon_hold,1,438.83999994,14.84,0.0971,0,14.84,0,0,商路繁荣
seed-0019__moon_hold,2,480.01232551,30.57046511,0.09382081,0,15.73046511,0,0,投机升温
seed-0019__moon_hold,3,511.43627899,46.8316279,0.06546489,0,16.26116279,0,0,投机升温
seed-0019__moon_hold,4,537.8067441,63.43465115,0.05156158,0,16.60302325,0,0,商路繁荣
seed-0019__moon_hold,5,554.69860457,80.04744185,0.03140879,0,16.6127907,0,0,资金退潮
seed-0019__moon_hold,6,578.53232549,96.90441859,0.04296697,0,16.85697674,0,0,资金退潮
seed-0019__moon_hold,7,601.02162782,113.95186045,0.03887303,0,17.04744186,0,0,商路繁荣
seed-0019__moon_hold,8,626.15651154,131.27279068,0.04182026,0,17.32093023,0,0,投机升温
seed-0019__moon_hold,9,653.53860456,148.93395347,0.04373043,0,17.66116279,0,0,商路繁荣
seed-0019__moon_hold,10,660.32023246,166.22720928,0.01037678,0,17.29325581,0,0,资金退潮
seed-0019__moon_hold,11,668.90023246,183.22581393,0.0129937,0,16.99860465,0,0,资金退潮
seed-0019__moon_hold,12,691.29046502,691.29046502,0.0334732,0,17.18093023,0,0,商路繁荣
seed-0019__sky_hold,0,400,0,,0,0,0,0,常态交易
seed-0019__sky_hold,1,403.8892,4.7892,0.009723,0,4.7892,0,0,商路繁荣
seed-0019__sky_hold,2,405.946,9.546,0.00509249,0,4.7568,0,0,投机升温
seed-0019__sky_hold,3,407.9198,14.2698,0.00486222,0,4.7238,0,0,投机升温
seed-0019__sky_hold,4,438.1638,38.2638,0.07414202,0,23.994,0,0,商路繁荣
seed-0019__sky_hold,5,441.3434,43.0434,0.00725665,0,4.7796,0,0,资金退潮
seed-0019__sky_hold,6,434.9404,47.6904,-0.01450798,0.01450798,4.647,0,0,资金退潮
seed-0019__sky_hold,7,437.0574,52.3074,0.00486733,0.00971126,4.617,0,0,商路繁荣
seed-0019__sky_hold,8,429.9352,56.7852,-0.0162958,0.02584881,4.4778,0,0,投机升温
seed-0019__sky_hold,9,426.9242,61.1742,-0.00700338,0.03267116,4.389,0,0,商路繁荣
seed-0019__sky_hold,10,418.562,65.412,-0.01958708,0.05161831,4.2378,0,0,资金退潮
seed-0019__sky_hold,11,400.1816,69.3816,-0.04391321,0.09326479,3.9696,0,0,资金退潮
seed-0019__sky_hold,12,405.062,405.062,0.01219546,0.08220674,3.9804,0,0,商路繁荣
seed-0019__crystal_hold,0,399.9999998,0,,0,0,0,0,常态交易
seed-0019__crystal_hold,1,405.73959657,4.51379032,0.01434899,0,4.51379032,0,0,商路繁荣
seed-0019__crystal_hold,2,454.765403,35.92669353,0.12083072,0,31.41290321,0,0,投机升温
seed-0019__crystal_hold,3,500.88153201,68.36540319,0.10140641,0,32.43870966,0,0,投机升温
seed-0019__crystal_hold,4,516.8831449,99.65733866,0.0319469,0,31.29193547,0,0,商路繁荣
seed-0019__crystal_hold,5,513.22596748,104.25822575,-0.00707544,0.00707544,4.60088709,0,0,资金退潮
seed-0019__crystal_hold,6,523.78564489,133.52758057,0.0205751,0,29.26935482,0,0,资金退潮
seed-0019__crystal_hold,7,583.84854809,164.94532249,0.11467077,0,31.41774192,0,0,商路繁荣
seed-0019__crystal_hold,8,644.25661257,198.38564505,0.1034653,0,33.44032256,0,0,投机升温
seed-0019__crystal_hold,9,701.55499964,233.49048374,0.08893721,0,35.10483869,0,0,商路繁荣
seed-0019__crystal_hold,10,696.90395125,238.64588696,-0.00662963,0.00662963,5.15540322,0,0,资金退潮
seed-0019__crystal_hold,11,707.4845964,271.35556436,0.01518236,0,32.7096774,0,0,资金退潮
seed-0019__crystal_hold,12,720.80725768,720.80725768,0.01883103,0,5.00008064,0,0,商路繁荣
