run_id,market_seed,offer_seed,renown_start,guild_id,strategy_id,blessing_ids,start_cash,final_worth,total_return,max_drawdown,operating_income,blessing_income,auto_trades,renown_gain
seed-0000__cash_control,0,0,0,ALCHEMY,cash_control,[],400,400,0,0,0,0,0,3
seed-0000__moon_hold,0,0,0,ALCHEMY,moon_hold,[],400,637.43465108,0.59358663,0,187.80674417,0,0,10
seed-0000__sky_hold,0,0,0,ALCHEMY,sky_hold,[],400,585.5564,0.463891,0.037907,172.2564,0,0,8
seed-0000__crystal_hold,0,0,0,ALCHEMY,crystal_hold,[],400,613.88596743,0.53471492,0.03468574,244.46661278,0,0,9
seed-0001__cash_control,1,1,0,ALCHEMY,cash_control,[],400,400,0,0,0,0,0,3
seed-0001__moon_hold,1,1,0,ALCHEMY,moon_hold,[],400,614.46488365,0.53616221,0.01287389,188.2788372,0,0,9
seed-0001__sky_hold,1,1,0,ALCHEMY,sky_hold,[],400,561.2974,0.4032435,0.04460252,159.1974,0,0,8
seed-0001__crystal_hold,1,1,0,ALCHEMY,crystal_hold,[],400,635.1989513,0.58799738,0.00668992,241.90862892,0,0,10
seed-0002__cash_control,2,2,0,ALCHEMY,cash_control,[],400,400,0,0,0,0,0,3
seed-0002__moon_hold,2,2,0,ALCHEMY,moon_hold,[],400,655.2588371,0.63814709,0,193.49139531,0,0,10
seed-0002__sky_hold,2,2,0,ALCHEMY,sky_hold,[],400,499.0602,0.2476505,0.04762594,131.5602,0,0,6
seed-0002__crystal_hold,2,2,0,ALCHEMY,crystal_hold,[],400,678.10233838,0.69525585,0.07166392,246.48943537,0,0,11
seed-0003__cash_control,3,3,0,ALCHEMY,cash_control,[],400,400,0,0,0,0,0,3
seed-0003__moon_hold,3,3,0,ALCHEMY,moon_hold,[],400,672.59279061,0.68148198,0,192.59279068,0,0,11
seed-0003__sky_hold,3,3,0,ALCHEMY,sky_hold,[],400,597.7306,0.4943265,0.01195644,176.1306,0,0,9
seed-0003__crystal_hold,3,3,0,ALCHEMY,crystal_hold,[],400,763.14354801,0.90785887,0.00504794,286.94999986,0,0,14
seed-0004__cash_control,4,4,0,ALCHEMY,cash_control,[],400,400,0,0,0,0,0,3
seed-0004__moon_hold,4,4,0,ALCHEMY,moon_hold,[],400,618.8472092,0.54711802,0.00472405,185.82395345,0,0,9
seed-0004__sky_hold,4,4,0,ALCHEMY,sky_hold,[],400,487.4232,0.218558,0.069503,123.5232,0,0,5
seed-0004__crystal_hold,4,4,0,ALCHEMY,crystal_hold,[],400,748.8462093,0.87211552,0.00985913,197.81395151,0,0,13
seed-0005__cash_control,5,5,0,ALCHEMY,cash_control,[],400,400,0,0,0,0,0,3
seed-0005__moon_hold,5,5,0,ALCHEMY,moon_hold,[],400,667.68232546,0.66920581,0,194.47302321,0,0,11
seed-0005__sky_hold,5,5,0,ALCHEMY,sky_hold,[],400,586.0798,0.4651995,0.07146497,186.8298,0,0,8
seed-0005__crystal_hold,5,5,0,ALCHEMY,crystal_hold,[],400,715.21298351,0.78803246,0.06946994,252.95491922,0,0,12
seed-0006__cash_control,6,6,0,ALCHEMY,cash_control,[],400,400,0,0,0,0,0,3
seed-0006__moon_hold,6,6,0,ALCHEMY,moon_hold,[],400,643.99023246,0.60997558,0,187.52511625,0,0,10
seed-0006__sky_hold,6,6,0,ALCHEMY,sky_hold,[],400,510.8326,0.2770815,0.08383274,142.1826,0,0,6
seed-0006__crystal_hold,6,6,0,ALCHEMY,crystal_hold,[],400,822.95427377,1.05738568,0.01020285,307.59943532,0,0,15
seed-0007__cash_control,7,7,0,ALCHEMY,cash_control,[],400,400,0,0,0,0,0,3
seed-0007__moon_hold,7,7,0,ALCHEMY,moon_hold,[],400,696.14418595,0.74036046,0,201.30697672,0,0,12
seed-0007__sky_hold,7,7,0,ALCHEMY,sky_hold,[],400,527.1208,0.317802,0.05597266,141.2208,0,0,7
seed-0007__crystal_hold,7,7,0,ALCHEMY,crystal_hold,[],400,576.61249971,0.44153125,0.00517892,160.99959669,0,0,8
seed-0008__cash_control,8,8,0,ALCHEMY,cash_control,[],400,400,0,0,0,0,0,3
seed-0008__moon_hold,8,8,0,ALCHEMY,moon_hold,[],400,651.39255803,0.6284814,0.01113388,195.15999996,0,0,10
seed-0008__sky_hold,8,8,0,ALCHEMY,sky_hold,[],400,598.561,0.4964025,0.01425105,179.811,0,0,9
seed-0008__crystal_hold,8,8,0,ALCHEMY,crystal_hold,[],400,620.5639513,0.55140988,0.03920573,245.59620955,0,0,9
seed-0009__cash_control,9,9,0,ALCHEMY,cash_control,[],400,400,0,0,0,0,0,3
seed-0009__moon_hold,9,9,0,ALCHEMY,moon_hold,[],400,660.00348826,0.65000872,0,192.98023252,0,0,11
seed-0009__sky_hold,9,9,0,ALCHEMY,sky_hold,[],400,560.1784,0.400446,0.12333785,191.2284,0,0,8
seed-0009__crystal_hold,9,9,0,ALCHEMY,crystal_hold,[],400,710.93951577,0.77734879,0,256.29435471,0,0,12
seed-0010__cash_control,10,10,0,ALCHEMY,cash_control,[],400,400,0,0,0,0,0,3
seed-0010__moon_hold,10,10,0,ALCHEMY,moon_hold,[],400,674.07139524,0.68517849,0,194.2109302,0,0,11
seed-0010__sky_hold,10,10,0,ALCHEMY,sky_hold,[],400,604.551,0.5113775,0.01125102,176.901,0,0,9
seed-0010__crystal_hold,10,10,0,ALCHEMY,crystal_hold,[],400,629.20620937,0.57301552,0.00319303,167.78685476,0,0,10
seed-0011__cash_control,11,11,0,ALCHEMY,cash_control,[],400,400,0,0,0,0,0,3
seed-0011__moon_hold,11,11,0,ALCHEMY,moon_hold,[],400,662.47511617,0.65618779,0,190.05651159,0,0,11
seed-0011__sky_hold,11,11,0,ALCHEMY,sky_hold,[],400,706.1658,0.7654145,0.01163906,248.9658,0,0,12
seed-0011__crystal_hold,11,11,0,ALCHEMY,crystal_hold,[],400,567.77951584,0.41944879,0.06086071,210.29564505,0,0,8
seed-0012__cash_control,12,12,0,ALCHEMY,cash_control,[],400,400,0,0,0,0,0,3
seed-0012__moon_hold,12,12,0,ALCHEMY,moon_hold,[],400,679.51581385,0.69878953,0,195.1437209,0,0,11
seed-0012__sky_hold,12,12,0,ALCHEMY,sky_hold,[],400,621.2406,0.5531015,0.01543887,192.5406,0,0,9
seed-0012__crystal_hold,12,12,0,ALCHEMY,crystal_hold,[],400,674.5029029,0.68625726,0.00112076,241.40612892,0,0,11
seed-0013__cash_control,13,13,0,ALCHEMY,cash_control,[],400,400,0,0,0,0,0,3
seed-0013__moon_hold,13,13,0,ALCHEMY,moon_hold,[],400,643.35790689,0.60839477,0,189.77651161,0,0,10
seed-0013__sky_hold,13,13,0,ALCHEMY,sky_hold,[],400,590.0888,0.475222,0.07230746,182.0388,0,0,8
seed-0013__crystal_hold,13,13,0,ALCHEMY,crystal_hold,[],400,767.46040285,0.91865101,0.02413686,316.04104824,0,0,14
seed-0014__cash_control,14,14,0,ALCHEMY,cash_control,[],400,400,0,0,0,0,0,3
seed-0014__moon_hold,14,14,0,ALCHEMY,moon_hold,[],400,678.50558129,0.69626395,0,194.17999997,0,0,11
seed-0014__sky_hold,14,14,0,ALCHEMY,sky_hold,[],400,523.9564,0.309891,0.10908583,154.5564,0,0,6
seed-0014__crystal_hold,14,14,0,ALCHEMY,crystal_hold,[],400,647.75959644,0.61939899,0.05235196,210.21120956,0,0,10
seed-0015__cash_control,15,15,0,ALCHEMY,cash_control,[],400,400,0,0,0,0,0,3
seed-0015__moon_hold,15,15,0,ALCHEMY,moon_hold,[],400,673.55302315,0.68388256,0,192.99488369,0,0,11
seed-0015__sky_hold,15,15,0,ALCHEMY,sky_hold,[],400,627.526,0.568815,0.11422191,224.226,0,0,10
seed-0015__crystal_hold,15,15,0,ALCHEMY,crystal_hold,[],400,715.64483835,0.7891121,0.0580786,294.41903211,0,0,12
seed-0016__cash_control,16,16,0,ALCHEMY,cash_control,[],400,400,0,0,0,0,0,3
seed-0016__moon_hold,16,16,0,ALCHEMY,moon_hold,[],400,649.57744176,0.6239436,0,189.76348834,0,0,10
seed-0016__sky_hold,16,16,0,ALCHEMY,sky_hold,[],400,778.3656,0.945914,0.00458902,281.5656,0,0,14
seed-0016__crystal_hold,16,16,0,ALCHEMY,crystal_hold,[],400,735.58701578,0.83896754,0.00569951,257.00637086,0,0,13
seed-0017__cash_control,17,17,0,ALCHEMY,cash_control,[],400,400,0,0,0,0,0,3
seed-0017__moon_hold,17,17,0,ALCHEMY,moon_hold,[],400,661.35558128,0.65338895,0,191.02999996,0,0,11
seed-0017__sky_hold,17,17,0,ALCHEMY,sky_hold,[],400,575.3398,0.4383495,0.04049003,172.0398,0,0,8
seed-0017__crystal_hold,17,17,0,ALCHEMY,crystal_hold,[],400,605.64870937,0.51412177,0,188.55193538,0,0,9
seed-0018__cash_control,18,18,0,ALCHEMY,cash_control,[],400,400,0,0,0,0,0,3
seed-0018__moon_hold,18,18,0,ALCHEMY,moon_hold,[],400,660.7688371,0.65192209,0,193.3269767,0,0,11
seed-0018__sky_hold,18,18,0,ALCHEMY,sky_hold,[],400,520.2558,0.3006395,0.08255217,131.1558,0,0,6
seed-0018__crystal_hold,18,18,0,ALCHEMY,crystal_hold,[],400,710.45427384,0.77613568,0.01009638,275.80911277,0,0,12
seed-0019__cash_control,19,19,0,ALCHEMY,cash_control,[],400,400,0,0,0,0,0,3
seed-0019__moon_hold,19,19,0,ALCHEMY,moon_hold,[],400,691.29046502,0.72822616,0,200.40674416,0,0,11
seed-0019__sky_hold,19,19,0,ALCHEMY,sky_hold,[],400,405.062,0.012655,0.09326479,73.362,0,0,3
seed-0019__crystal_hold,19,19,0,ALCHEMY,crystal_hold,[],400,720.80725768,0.80201814,0.00707544,276.355645,0,0,12
